dataset,frame_id,axis,value,unit,n_points,n_finite,n_fov,fov_pct,n_pixel_pairs,n_baseline_fov_lost,n_baseline_fov_unprojectable,pixel_shift_p50,pixel_shift_p95,n_eligible_objects,n_object_points,n_inside_box,baseline_inside_box,retention_pct,alignment_drop_pp,timestamp_delta_ms
kitti,000001,baseline,0,none,120268,120268,18630,15.49040476,18630,0,0,0,0,0,0,0,0,,,
kitti,000001,yaw,-3,deg,120268,120268,18637,15.4962251,18630,817,0,44.59764027,63.60109937,0,0,0,0,,,
kitti,000001,yaw,-2,deg,120268,120268,18627,15.48791033,18630,550,0,29.69771381,42.16008101,0,0,0,0,,,
kitti,000001,yaw,-1,deg,120268,120268,18635,15.49456214,18630,273,0,14.8371676,21.05882349,0,0,0,0,,,
kitti,000001,yaw,-0.5,deg,120268,120268,18633,15.49289919,18630,131,0,7.414297476,10.52740263,0,0,0,0,,,
kitti,000001,yaw,0.5,deg,120268,120268,18629,15.48957329,18630,138,0,7.408557306,10.5223074,0,0,0,0,,,
kitti,000001,yaw,1,deg,120268,120268,18630,15.49040476,18630,270,0,14.80924329,21.04020334,0,0,0,0,,,
kitti,000001,yaw,2,deg,120268,120268,18633,15.49289919,18630,541,0,29.59504833,42.07215543,0,0,0,0,,,
kitti,000001,yaw,3,deg,120268,120268,18635,15.49456214,18630,815,0,44.3701662,63.12083113,0,0,0,0,,,
kitti,000001,lateral,-0.1,m,120268,120268,18599,15.464629,18630,87,0,5.770441528,11.60359798,0,0,0,0,,,
kitti,000001,lateral,-0.05,m,120268,120268,18613,15.47626966,18630,41,0,2.885219329,5.80179319,0,0,0,0,,,
kitti,000001,lateral,-0.02,m,120268,120268,18624,15.4854159,18630,13,0,1.154087387,2.320715884,0,0,0,0,,,
kitti,000001,lateral,0.02,m,120268,120268,18637,15.4962251,18630,14,0,1.154086928,2.320714027,0,0,0,0,,,
kitti,000001,lateral,0.05,m,120268,120268,18650,15.50703429,18630,31,0,2.885216459,5.801781587,0,0,0,0,,,
kitti,000001,lateral,0.1,m,120268,120268,18659,15.51451758,18630,61,0,5.770430049,11.60355157,0,0,0,0,,,
kitti,000001,pitch,-1,deg,120268,120268,19566,16.26866664,18630,2,0,13.00605624,14.03195045,0,0,0,0,,,
kitti,000001,pitch,1,deg,120268,120268,17730,14.74207603,18630,900,0,13.06252722,14.17631322,0,0,0,0,,,
kitti,000001,roll,-1,deg,120268,120268,18630,15.49040476,18630,155,0,5.231258959,10.22821627,0,0,0,0,,,
kitti,000001,roll,1,deg,120268,120268,18644,15.50204543,18630,149,0,5.231600966,10.22671477,0,0,0,0,,,
kitti,000004,baseline,0,none,115976,115976,19063,16.43702145,19063,0,0,0,0,2,103,103,103,100,0,
kitti,000004,yaw,-3,deg,115976,115976,19049,16.42494999,19063,808,0,44.38670097,63.18196566,2,103,18,103,17.47572816,82.52427184,
kitti,000004,yaw,-2,deg,115976,115976,19067,16.44047044,19063,526,0,29.58275864,41.95777932,2,103,47,103,45.63106796,54.36893204,
kitti,000004,yaw,-1,deg,115976,115976,19080,16.45167966,19063,257,0,14.78288223,20.982109,2,103,80,103,77.66990291,22.33009709,
kitti,000004,yaw,-0.5,deg,115976,115976,19076,16.44823067,19063,125,0,7.38997239,10.48456686,2,103,95,103,92.23300971,7.766990291,
kitti,000004,yaw,0.5,deg,115976,115976,19053,16.42839898,19063,134,0,7.38766475,10.471711,2,103,97,103,94.17475728,5.825242718,
kitti,000004,yaw,1,deg,115976,115976,19032,16.41029178,19063,270,0,14.7778318,20.95055036,2,103,82,103,79.61165049,20.38834951,
kitti,000004,yaw,2,deg,115976,115976,18975,16.36114368,19063,545,0,29.55560808,41.89241533,2,103,56,103,54.36893204,45.63106796,
kitti,000004,yaw,3,deg,115976,115976,18965,16.35252121,19063,819,0,44.34092345,62.84386044,2,103,21,103,20.38834951,79.61165049,
kitti,000004,lateral,-0.1,m,115976,115976,19063,16.43702145,19063,59,0,4.953797781,11.22311887,2,103,103,103,100,0,
kitti,000004,lateral,-0.05,m,115976,115976,19064,16.4378837,19063,29,0,2.476897833,5.611554005,2,103,103,103,100,0,
kitti,000004,lateral,-0.02,m,115976,115976,19065,16.43874595,19063,11,0,0.9907588795,2.244620299,2,103,103,103,100,0,
kitti,000004,lateral,0.02,m,115976,115976,19073,16.44564393,19063,8,0,0.9907585411,2.244618562,2,103,103,103,100,0,
kitti,000004,lateral,0.05,m,115976,115976,19075,16.44736842,19063,23,0,2.476895718,5.611543149,2,103,103,103,100,0,
kitti,000004,lateral,0.1,m,115976,115976,19069,16.44219494,19063,59,0,4.953789321,11.22307544,2,103,103,103,100,0,
kitti,000004,pitch,-1,deg,115976,115976,19997,17.24236049,19063,2,0,12.97312724,14.01112453,2,103,86,103,83.49514563,16.50485437,
kitti,000004,pitch,1,deg,115976,115976,18158,15.65668759,19063,906,0,13.02973448,14.15602599,2,103,25,103,24.27184466,75.72815534,
kitti,000004,roll,-1,deg,115976,115976,19050,16.42581224,19063,154,0,5.205365031,10.20581585,2,103,92,103,89.32038835,10.67961165,
kitti,000004,roll,1,deg,115976,115976,19056,16.43098572,19063,161,0,5.205177834,10.20449125,2,103,103,103,100,0,
kitti,000007,baseline,0,none,122798,122798,19423,15.81703285,19423,0,0,0,0,2,216,216,216,100,0,
kitti,000007,yaw,-3,deg,122798,122798,19515,15.89195264,19423,711,0,43.96983103,62.58462347,2,216,46,216,21.2962963,78.7037037,
kitti,000007,yaw,-2,deg,122798,122798,19508,15.88625222,19423,446,0,29.32064315,41.69599066,2,216,100,216,46.2962963,53.7037037,
kitti,000007,yaw,-1,deg,122798,122798,19363,15.76817212,19423,328,0,14.65133814,20.84842656,2,216,161,216,74.53703704,25.46296296,
kitti,000007,yaw,-0.5,deg,122798,122798,19351,15.75839997,19423,202,0,7.32391555,10.42468577,2,216,199,216,92.12962963,7.87037037,
kitti,000007,yaw,0.5,deg,122798,122798,19433,15.82517631,19423,138,0,7.323785179,10.41908425,2,216,196,216,90.74074074,9.259259259,
kitti,000007,yaw,1,deg,122798,122798,19388,15.78853076,19423,279,0,14.6464069,20.86220553,2,216,161,216,74.53703704,25.46296296,
kitti,000007,yaw,2,deg,122798,122798,19236,15.66475024,19423,553,0,29.298256,41.93893118,2,216,98,216,45.37037037,54.62962963,
kitti,000007,yaw,3,deg,122798,122798,19268,15.6908093,19423,830,0,43.95674546,63.21956525,2,216,42,216,19.44444444,80.55555556,
kitti,000007,lateral,-0.1,m,122798,122798,19314,15.72826919,19423,164,0,4.787202765,11.47979591,2,216,214,216,99.07407407,0.9259259259,
kitti,000007,lateral,-0.05,m,122798,122798,19365,15.76980081,19423,83,0,2.393600395,5.739892276,2,216,215,216,99.53703704,0.462962963,
kitti,000007,lateral,-0.02,m,122798,122798,19402,15.79993159,19423,29,0,0.957439921,2.295955547,2,216,216,216,100,0,
kitti,000007,lateral,0.02,m,122798,122798,19436,15.82761934,19423,16,0,0.957439605,2.29595373,2,216,216,216,100,0,
kitti,000007,lateral,0.05,m,122798,122798,19445,15.83494845,19423,35,0,2.39359842,5.739880917,2,216,216,216,100,0,
kitti,000007,lateral,0.1,m,122798,122798,19449,15.83820583,19423,65,0,4.787194865,11.47975048,2,216,211,216,97.68518519,2.314814815,
kitti,000007,pitch,-1,deg,122798,122798,20355,16.57600287,19423,3,0,12.95963597,14.01193337,2,216,188,216,87.03703704,12.96296296,
kitti,000007,pitch,1,deg,122798,122798,18515,15.07760713,19423,910,0,13.01345301,14.15662453,2,216,145,216,67.12962963,32.87037037,
kitti,000007,roll,-1,deg,122798,122798,19392,15.79178814,19423,165,0,5.057715138,10.14784308,2,216,215,216,99.53703704,0.462962963,
kitti,000007,roll,1,deg,122798,122798,19428,15.82110458,19423,155,0,5.057427821,10.14745953,2,216,215,216,99.53703704,0.462962963,
kitti,000008,baseline,0,none,122555,122555,17238,14.0655216,17238,0,0,0,0,6,10103,5108,5108,50.55923983,0,
kitti,000008,yaw,-3,deg,122555,122555,17099,13.95210314,17238,773,0,43.2517993,64.23336689,6,10103,4536,5108,44.89755518,5.661684648,
kitti,000008,yaw,-2,deg,122555,122555,17106,13.95781486,17238,543,0,28.83375827,42.6757888,6,10103,4811,5108,47.61951895,2.939720875,
kitti,000008,yaw,-1,deg,122555,122555,17161,14.00269267,17238,279,0,14.41074016,21.3143953,6,10103,5048,5108,49.96535682,0.593883005,
kitti,000008,yaw,-0.5,deg,122555,122555,17198,14.0328832,17238,140,0,7.203731274,10.65013184,6,10103,5101,5108,50.48995348,0.06928635059,
kitti,000008,yaw,0.5,deg,122555,122555,17281,14.10060789,17238,100,0,7.202475985,10.62485918,6,10103,5082,5108,50.30189053,0.2573493022,
kitti,000008,yaw,1,deg,122555,122555,17316,14.1291665,17238,205,0,14.41191632,21.23174902,6,10103,5001,5108,49.50014847,1.059091359,
kitti,000008,yaw,2,deg,122555,122555,17384,14.18465179,17238,403,0,28.83566814,42.40924406,6,10103,4748,5108,46.9959418,3.56329803,
kitti,000008,yaw,3,deg,122555,122555,17436,14.22708172,17238,616,0,43.26483553,63.45519498,6,10103,4497,5108,44.51153123,6.047708601,
kitti,000008,lateral,-0.1,m,122555,122555,17271,14.09244829,17238,110,0,7.240793025,19.64913273,6,10103,5137,5108,50.84628328,-0.2870434524,
kitti,000008,lateral,-0.05,m,122555,122555,17250,14.07531312,17238,57,0,3.620394253,9.82454973,6,10103,5128,5108,50.75720083,-0.1979610017,
kitti,000008,lateral,-0.02,m,122555,122555,17246,14.07204928,17238,23,0,1.448157159,3.929815899,6,10103,5117,5108,50.64832228,-0.08908245076,
kitti,000008,lateral,0.02,m,122555,122555,17234,14.06225776,17238,28,0,1.448156436,3.929810575,6,10103,5102,5108,50.49985153,0.0593883005,
kitti,000008,lateral,0.05,m,122555,122555,17228,14.057362,17238,63,0,3.620389734,9.824516454,6,10103,5090,5108,50.38107493,0.1781649015,
kitti,000008,lateral,0.1,m,122555,122555,17205,14.03859492,17238,136,0,7.24077495,19.64899963,6,10103,5056,5108,50.04454123,0.5146986044,
kitti,000008,pitch,-1,deg,122555,122555,18091,14.76153564,17238,2,0,13.03676185,14.17713433,6,10103,5148,5108,50.95516183,-0.3959220034,
kitti,000008,pitch,1,deg,122555,122555,16394,13.37685121,17238,846,0,13.08081355,14.32062896,6,10103,4641,5108,45.93685044,4.622389389,
kitti,000008,roll,-1,deg,122555,122555,17211,14.04349068,17238,148,0,4.659398435,10.19175424,6,10103,5057,5108,50.05443928,0.5048005543,
kitti,000008,roll,1,deg,122555,122555,17235,14.06307372,17238,132,0,4.659359632,10.1914079,6,10103,5091,5108,50.39097298,0.1682668514,
kitti,000009,baseline,0,none,123928,123928,19411,15.66312698,19411,0,0,0,0,1,219,219,219,100,0,
kitti,000009,yaw,-3,deg,123928,123928,19443,15.68894842,19411,792,0,44.10744861,62.98973953,1,219,70,219,31.96347032,68.03652968,
kitti,000009,yaw,-2,deg,123928,123928,19440,15.68652766,19411,521,0,29.39701067,41.92281676,1,219,124,219,56.62100457,43.37899543,
kitti,000009,yaw,-1,deg,123928,123928,19429,15.67765154,19411,254,0,14.69366555,20.94316633,1,219,176,219,80.3652968,19.6347032,
kitti,000009,yaw,-0.5,deg,123928,123928,19427,15.6760377,19411,126,0,7.345698817,10.46840374,1,219,205,219,93.60730594,6.392694064,
kitti,000009,yaw,0.5,deg,123928,123928,19412,15.6639339,19411,132,0,7.344576319,10.46892769,1,219,203,219,92.69406393,7.305936073,
kitti,000009,yaw,1,deg,123928,123928,19395,15.65021625,19411,271,0,14.68817199,20.93489388,1,219,180,219,82.19178082,17.80821918,
kitti,000009,yaw,2,deg,123928,123928,19381,15.63891937,19411,540,0,29.37999143,41.88583973,1,219,120,219,54.79452055,45.20547945,
kitti,000009,yaw,3,deg,123928,123928,19381,15.63891937,19411,813,0,44.07735413,62.86196436,1,219,66,219,30.1369863,69.8630137,
kitti,000009,lateral,-0.1,m,123928,123928,19423,15.67281002,19411,59,0,4.725584194,11.1644564,1,219,214,219,97.71689498,2.283105023,
kitti,000009,lateral,-0.05,m,123928,123928,19417,15.6679685,19411,32,0,2.362791135,5.582222829,1,219,218,219,99.543379,0.4566210046,
kitti,000009,lateral,-0.02,m,123928,123928,19411,15.66312698,19411,11,0,0.9451162229,2.232887842,1,219,219,219,100,0,
kitti,000009,lateral,0.02,m,123928,123928,19413,15.66474082,19411,9,0,0.9451159149,2.232886124,1,219,219,219,100,0,
kitti,000009,lateral,0.05,m,123928,123928,19410,15.66232006,19411,30,0,2.36278921,5.582212087,1,219,219,219,100,0,
kitti,000009,lateral,0.1,m,123928,123928,19402,15.6558647,19411,66,0,4.725576495,11.16441343,1,219,217,219,99.08675799,0.9132420091,
kitti,000009,pitch,-1,deg,123928,123928,20346,16.41759731,19411,2,0,12.95742694,14.00674865,1,219,198,219,90.4109589,9.589041096,
kitti,000009,pitch,1,deg,123928,123928,18513,14.93851268,19411,899,0,13.01253682,14.15064633,1,219,163,219,74.42922374,25.57077626,
kitti,000009,roll,-1,deg,123928,123928,19395,15.65021625,19411,157,0,5.104777773,10.1977202,1,219,219,219,100,0,
kitti,000009,roll,1,deg,123928,123928,19417,15.6679685,19411,152,0,5.104981401,10.19770476,1,219,219,219,100,0,
kitti,000010,baseline,0,none,115875,115875,16464,14.20841424,16464,0,0,0,0,9,3426,2058,2058,60.07005254,0,
kitti,000010,yaw,-3,deg,115875,115875,16717,14.42675297,16464,481,0,43.74075291,61.54249061,9,3426,1381,2058,40.30939872,19.76065382,
kitti,000010,yaw,-2,deg,115875,115875,16646,14.36548004,16464,322,0,29.12783126,41.15114925,9,3426,1629,2058,47.54816112,12.52189142,
kitti,000010,yaw,-1,deg,115875,115875,16555,14.28694714,16464,160,0,14.55038214,20.61275565,9,3426,1901,2058,55.48744892,4.582603619,
kitti,000010,yaw,-0.5,deg,115875,115875,16501,14.2403452,16464,84,0,7.275482686,10.33146028,9,3426,2004,2058,58.4938704,1.576182137,
kitti,000010,yaw,0.5,deg,115875,115875,16412,14.1635383,16464,130,0,7.273551893,10.39079286,9,3426,2068,2058,60.36193812,-0.2918855809,
kitti,000010,yaw,1,deg,115875,115875,16369,14.12642934,16464,252,0,14.54769096,20.83758204,9,3426,2011,2058,58.69819031,1.37186223,
kitti,000010,yaw,2,deg,115875,115875,16299,14.06601942,16464,515,0,29.09209495,41.82727724,9,3426,1876,2058,54.75773497,5.312317572,
kitti,000010,yaw,3,deg,115875,115875,16271,14.04185545,16464,757,0,43.63890368,62.93056771,9,3426,1725,2058,50.3502627,9.719789842,
kitti,000010,lateral,-0.1,m,115875,115875,16484,14.22567422,16464,37,0,5.675951095,11.40080184,9,3426,2034,2058,59.36952715,0.700525394,
kitti,000010,lateral,-0.05,m,115875,115875,16476,14.21877023,16464,17,0,2.837974159,5.700395318,9,3426,2046,2058,59.71978984,0.350262697,
kitti,000010,lateral,-0.02,m,115875,115875,16461,14.20582524,16464,10,0,1.135189331,2.280156783,9,3426,2055,2058,59.98248687,0.08756567426,
kitti,000010,lateral,0.02,m,115875,115875,16457,14.20237325,16464,13,0,1.135188886,2.280154991,9,3426,2063,2058,60.21599533,-0.1459427904,
kitti,000010,lateral,0.05,m,115875,115875,16454,14.19978425,16464,33,0,2.837971383,5.700384116,9,3426,2071,2058,60.44950379,-0.3794512551,
kitti,000010,lateral,0.1,m,115875,115875,16436,14.18425027,16464,69,0,5.675939989,11.40075703,9,3426,2084,2058,60.82895505,-0.7589025102,
kitti,000010,pitch,-1,deg,115875,115875,17354,14.97648328,16464,0,0,13.01734793,14.03237052,9,3426,1921,2058,56.07122008,3.998832458,
kitti,000010,pitch,1,deg,115875,115875,15594,13.45760518,16464,870,0,13.07399331,14.17733702,9,3426,1823,2058,53.21074139,6.85931115,
kitti,000010,roll,-1,deg,115875,115875,16425,14.17475728,16464,152,0,4.930618808,10.04892071,9,3426,2064,2058,60.24518389,-0.1751313485,
kitti,000010,roll,1,deg,115875,115875,16469,14.21272923,16464,141,0,4.93074164,10.04770907,9,3426,2004,2058,58.4938704,1.576182137,
kitti,000011,baseline,0,none,108004,108004,19946,18.46783452,19946,0,0,0,0,6,3766,721,721,19.14498141,0,
kitti,000011,yaw,-3,deg,108004,108004,19832,18.36228288,19946,777,0,43.79171322,63.01664839,6,3766,332,721,8.815719596,10.32926182,
kitti,000011,yaw,-2,deg,108004,108004,19876,18.40302211,19946,514,0,29.18052231,41.94554977,6,3766,465,721,12.34731811,6.797663303,
kitti,000011,yaw,-1,deg,108004,108004,19933,18.45579793,19946,237,0,14.59404137,20.93680511,6,3766,637,721,16.91449814,2.230483271,
kitti,000011,yaw,-0.5,deg,108004,108004,19955,18.47616755,19946,100,0,7.298168112,10.46611361,6,3766,707,721,18.7732342,0.3717472119,
kitti,000011,yaw,0.5,deg,108004,108004,19946,18.46783452,19946,123,0,7.297467408,10.45835503,6,3766,634,721,16.83483802,2.310143388,
kitti,000011,yaw,1,deg,108004,108004,19952,18.47338987,19946,246,0,14.60068215,20.9050809,6,3766,508,721,13.48911312,5.655868295,
kitti,000011,yaw,2,deg,108004,108004,19963,18.48357468,19946,499,0,29.23915215,41.74253096,6,3766,269,721,7.142857143,12.00212427,
kitti,000011,yaw,3,deg,108004,108004,19948,18.46968631,19946,766,0,43.89460758,62.52474575,6,3766,114,721,3.02708444,16.11789697,
kitti,000011,lateral,-0.1,m,108004,108004,19979,18.49838895,19946,52,0,5.422898978,11.86267858,6,3766,748,721,19.86192246,-0.7169410515,
kitti,000011,lateral,-0.05,m,108004,108004,19957,18.47801933,19946,30,0,2.711448222,5.931333226,6,3766,740,721,19.64949549,-0.5045140733,
kitti,000011,lateral,-0.02,m,108004,108004,19949,18.4706122,19946,12,0,1.084578985,2.372531835,6,3766,729,721,19.35740839,-0.2124269782,
kitti,000011,lateral,0.02,m,108004,108004,19950,18.47153809,19946,17,0,1.084578579,2.372529895,6,3766,714,721,18.95910781,0.1858736059,
kitti,000011,lateral,0.05,m,108004,108004,19939,18.46135328,19946,48,0,2.711445688,5.931321099,6,3766,699,721,18.56080722,0.5841741901,
kitti,000011,lateral,0.1,m,108004,108004,19926,18.44931669,19946,93,0,5.422888841,11.86263007,6,3766,669,721,17.76420605,1.380775358,
kitti,000011,pitch,-1,deg,108004,108004,20876,19.32891374,19946,2,0,12.95889731,14.01942706,6,3766,693,721,18.40148699,0.7434944238,
kitti,000011,pitch,1,deg,108004,108004,19060,17.64749454,19946,886,0,13.00997308,14.16299752,6,3766,588,721,15.6133829,3.531598513,
kitti,000011,roll,-1,deg,108004,108004,19948,18.46968631,19946,154,0,4.956526587,10.14078418,6,3766,680,721,18.05629315,1.088688263,
kitti,000011,roll,1,deg,108004,108004,19951,18.47246398,19946,145,0,4.956381064,10.14055417,6,3766,729,721,19.35740839,-0.2124269782,
kitti,000012,baseline,0,none,120007,120007,18705,15.58659078,18705,0,0,0,0,0,0,0,0,,,
kitti,000012,yaw,-3,deg,120007,120007,18664,15.55242611,18705,831,0,44.34672452,63.22916022,0,0,0,0,,,
kitti,000012,yaw,-2,deg,120007,120007,18666,15.55409268,18705,555,0,29.5212963,41.99777896,0,0,0,0,,,
kitti,000012,yaw,-1,deg,120007,120007,18666,15.55409268,18705,280,0,14.72849659,20.97026118,0,0,0,0,,,
kitti,000012,yaw,-0.5,deg,120007,120007,18677,15.56325881,18705,137,0,7.35224187,10.4895156,0,0,0,0,,,
kitti,000012,yaw,0.5,deg,120007,120007,18688,15.57242494,18705,126,0,7.329268335,10.47946924,0,0,0,0,,,
kitti,000012,yaw,1,deg,120007,120007,18698,15.58075779,18705,265,0,14.64472595,20.94716784,0,0,0,0,,,
kitti,000012,yaw,2,deg,120007,120007,18699,15.58159107,18705,541,0,29.27619827,41.94282494,0,0,0,0,,,
kitti,000012,yaw,3,deg,120007,120007,18713,15.59325706,18705,800,0,43.92368396,62.80835945,0,0,0,0,,,
kitti,000012,lateral,-0.1,m,120007,120007,18708,15.58909064,18705,48,0,4.567114857,10.97214596,0,0,0,0,,,
kitti,000012,lateral,-0.05,m,120007,120007,18710,15.59075721,18705,23,0,2.28355653,5.486067791,0,0,0,0,,,
kitti,000012,lateral,-0.02,m,120007,120007,18711,15.59159049,18705,5,0,0.9134223962,2.194425872,0,0,0,0,,,
kitti,000012,lateral,0.02,m,120007,120007,18700,15.58242436,18705,14,0,0.9134221086,2.194424212,0,0,0,0,,,
kitti,000012,lateral,0.05,m,120007,120007,18701,15.58325764,18705,31,0,2.283554732,5.486057416,0,0,0,0,,,
kitti,000012,lateral,0.1,m,120007,120007,18703,15.58492421,18705,54,0,4.567107667,10.97210446,0,0,0,0,,,
kitti,000012,pitch,-1,deg,120007,120007,19642,16.36737857,18705,2,0,12.98680286,13.9976443,0,0,0,0,,,
kitti,000012,pitch,1,deg,120007,120007,17790,14.82413526,18705,915,0,13.04783314,14.14228935,0,0,0,0,,,
kitti,000012,roll,-1,deg,120007,120007,18681,15.56659195,18705,168,0,5.111385838,10.2371988,0,0,0,0,,,
kitti,000012,roll,1,deg,120007,120007,18705,15.58659078,18705,159,0,5.111623304,10.23762529,0,0,0,0,,,
kitti,000015,baseline,0,none,122583,122583,18334,14.95639689,18334,0,0,0,0,5,6434,2182,2182,33.91358408,0,
kitti,000015,yaw,-3,deg,122583,122583,18302,14.93029213,18334,716,0,43.09854454,63.18968448,5,6434,1816,2182,28.2250544,5.688529686,
kitti,000015,yaw,-2,deg,122583,122583,18327,14.95068647,18334,467,0,28.69504273,41.88160823,5,6434,2016,2182,31.33354057,2.580043519,
kitti,000015,yaw,-1,deg,122583,122583,18347,14.96700195,18334,207,0,14.33105633,20.82568591,5,6434,2155,2182,33.49393845,0.4196456326,
kitti,000015,yaw,-0.5,deg,122583,122583,18347,14.96700195,18334,91,0,7.165641947,10.40372477,5,6434,2207,2182,34.30214486,-0.3885607709,
kitti,000015,yaw,0.5,deg,122583,122583,18379,14.99310671,18334,84,0,7.176634971,10.37309968,5,6434,2042,2182,31.73764377,2.175940317,
kitti,000015,yaw,1,deg,122583,122583,18441,15.04368469,18334,169,0,14.35874274,20.72655981,5,6434,1881,2182,29.2353124,4.678271682,
kitti,000015,yaw,2,deg,122583,122583,18470,15.06734213,18334,356,0,28.74236538,41.379156,5,6434,1673,2182,26.00248679,7.911097296,
kitti,000015,yaw,3,deg,122583,122583,18540,15.12444629,18334,537,0,43.05540653,61.92726656,5,6434,1538,2182,23.90425863,10.00932546,
kitti,000015,lateral,-0.1,m,122583,122583,18358,14.97597546,18334,65,0,7.324485438,18.39514561,5,6434,2218,2182,34.47311159,-0.5595275101,
kitti,000015,lateral,-0.05,m,122583,122583,18338,14.95965999,18334,38,0,3.66215153,9.19699913,5,6434,2203,2182,34.23997513,-0.3263910476,
kitti,000015,lateral,-0.02,m,122583,122583,18338,14.95965999,18334,14,0,1.464838727,3.678661984,5,6434,2192,2182,34.06900839,-0.1554243084,
kitti,000015,lateral,0.02,m,122583,122583,18335,14.95721266,18334,18,0,1.464809549,3.678478443,5,6434,2171,2182,33.74261735,0.1709667392,
kitti,000015,lateral,0.05,m,122583,122583,18345,14.9653704,18334,38,0,3.661969165,9.195851997,5,6434,2145,2182,33.33851414,0.5750699409,
kitti,000015,lateral,0.1,m,122583,122583,18366,14.98250165,18334,73,0,7.323755979,18.39055708,5,6434,2089,2182,32.46813802,1.445446068,
kitti,000015,pitch,-1,deg,122583,122583,19238,15.69385641,18334,2,0,12.95726922,14.0387185,5,6434,2371,2182,36.85110351,-2.937519428,
kitti,000015,pitch,1,deg,122583,122583,17487,14.26543648,18334,848,0,12.97585418,14.17359545,5,6434,1932,2182,30.02797638,3.885607709,
kitti,000015,roll,-1,deg,122583,122583,18390,15.00208022,18334,140,0,4.608385183,9.987465661,5,6434,2088,2182,32.45259559,1.460988499,
kitti,000015,roll,1,deg,122583,122583,18307,14.934371,18334,154,0,4.608293571,9.987515689,5,6434,2273,2182,35.32794529,-1.414361206,
kitti,000016,baseline,0,none,113070,113070,17868,15.80260016,17868,0,0,0,0,3,2126,1836,1836,86.3593603,0,
kitti,000016,yaw,-3,deg,113070,113070,17840,15.77783674,17868,717,0,43.55766699,63.48446958,3,2126,1804,1836,84.85418627,1.505174036,
kitti,000016,yaw,-2,deg,113070,113070,17869,15.80348457,17868,474,0,29.03359131,42.12120397,3,2126,1870,1836,87.95860771,-1.599247413,
kitti,000016,yaw,-1,deg,113070,113070,17879,15.81232865,17868,240,0,14.51922439,21.03679033,3,2126,1899,1836,89.32267168,-2.963311383,
kitti,000016,yaw,-0.5,deg,113070,113070,17881,15.81409746,17868,118,0,7.260374899,10.51843346,3,2126,1876,1836,88.24082785,-1.881467545,
kitti,000016,yaw,0.5,deg,113070,113070,17872,15.80613779,17868,116,0,7.258802581,10.51662204,3,2126,1770,1836,83.25493885,3.104421449,
kitti,000016,yaw,1,deg,113070,113070,17871,15.80525338,17868,243,0,14.51502216,21.01946698,3,2126,1691,1836,79.53904045,6.820319849,
kitti,000016,yaw,2,deg,113070,113070,17883,15.81586628,17868,480,0,29.04659302,41.96673721,3,2126,1538,1836,72.34242709,14.01693321,
kitti,000016,yaw,3,deg,113070,113070,17899,15.8300168,17868,699,0,43.60822722,62.82561692,3,2126,1398,1836,65.75729069,20.60206961,
kitti,000016,lateral,-0.1,m,113070,113070,17893,15.82471036,17868,72,0,5.716555606,13.8813861,3,2126,1878,1836,88.33490122,-1.975540922,
kitti,000016,lateral,-0.05,m,113070,113070,17886,15.8185195,17868,34,0,2.858276395,6.940684748,3,2126,1858,1836,87.39416745,-1.03480715,
kitti,000016,lateral,-0.02,m,113070,113070,17875,15.80879101,17868,15,0,1.14331022,2.776271907,3,2126,1845,1836,86.7826905,-0.4233301976,
kitti,000016,lateral,0.02,m,113070,113070,17869,15.80348457,17868,18,0,1.143309769,2.77626925,3,2126,1825,1836,85.84195673,0.5174035748,
kitti,000016,lateral,0.05,m,113070,113070,17855,15.79110286,17868,47,0,2.858273579,6.940668142,3,2126,1801,1836,84.7130762,1.646284102,
kitti,000016,lateral,0.1,m,113070,113070,17841,15.77872115,17868,98,0,5.716544341,13.88131968,3,2126,1760,1836,82.78457197,3.574788335,
kitti,000016,pitch,-1,deg,113070,113070,18797,16.62421509,17868,0,0,13.01160367,14.07756397,3,2126,1894,1836,89.08748824,-2.72812794,
kitti,000016,pitch,1,deg,113070,113070,16984,15.02078359,17868,885,0,13.06819818,14.22198411,3,2126,1681,1836,79.06867357,7.290686736,
kitti,000016,roll,-1,deg,113070,113070,17889,15.82117272,17868,147,0,4.85970837,10.18935801,3,2126,1773,1836,83.39604892,2.963311383,
kitti,000016,roll,1,deg,113070,113070,17874,15.80790661,17868,145,0,4.859416838,10.18971096,3,2126,1877,1836,88.28786453,-1.928504233,
kitti,000019,baseline,0,none,115697,115697,18792,16.24242634,18792,0,0,0,0,1,1236,1236,1236,100,0,
kitti,000019,yaw,-3,deg,115697,115697,18613,16.08771187,18792,804,0,44.22375813,64.20353031,1,1236,1043,1236,84.38511327,15.61488673,
kitti,000019,yaw,-2,deg,115697,115697,18699,16.16204396,18792,534,0,29.47753226,42.7254067,1,1236,1145,1236,92.63754045,7.362459547,
kitti,000019,yaw,-1,deg,115697,115697,18740,16.19748135,18792,269,0,14.73778015,21.33204184,1,1236,1226,1236,99.19093851,0.8090614887,
kitti,000019,yaw,-0.5,deg,115697,115697,18765,16.21908952,18792,133,0,7.367380524,10.65805737,1,1236,1236,1236,100,0,
kitti,000019,yaw,0.5,deg,115697,115697,18828,16.2735421,18792,104,0,7.36514287,10.64455183,1,1236,1236,1236,100,0,
kitti,000019,yaw,1,deg,115697,115697,18859,16.30033622,18792,203,0,14.72770047,21.27136037,1,1236,1226,1236,99.19093851,0.8090614887,
kitti,000019,yaw,2,deg,115697,115697,18912,16.34614554,18792,423,0,29.44681825,42.52548057,1,1236,1162,1236,94.01294498,5.987055016,
kitti,000019,yaw,3,deg,115697,115697,18936,16.36688937,18792,653,0,44.14132496,63.73595311,1,1236,1098,1236,88.83495146,11.16504854,
kitti,000019,lateral,-0.1,m,115697,115697,18837,16.28132104,18792,114,0,8.635429958,20.54434856,1,1236,1236,1236,100,0,
kitti,000019,lateral,-0.05,m,115697,115697,18823,16.26922046,18792,52,0,4.317711766,10.27215609,1,1236,1236,1236,100,0,
kitti,000019,lateral,-0.02,m,115697,115697,18809,16.25711989,18792,15,0,1.727083935,4.108858071,1,1236,1236,1236,100,0,
kitti,000019,lateral,0.02,m,115697,115697,18785,16.23637605,18792,32,0,1.727082907,4.108852251,1,1236,1236,1236,100,0,
kitti,000019,lateral,0.05,m,115697,115697,18766,16.21995384,18792,82,0,4.31770534,10.27211971,1,1236,1236,1236,100,0,
kitti,000019,lateral,0.1,m,115697,115697,18747,16.20353164,18792,159,0,8.635404253,20.54420305,1,1236,1236,1236,100,0,
kitti,000019,pitch,-1,deg,115697,115697,19696,17.02377763,18792,3,0,13.19468329,14.1175499,1,1236,1127,1236,91.18122977,8.818770227,
kitti,000019,pitch,1,deg,115697,115697,17937,15.50342706,18792,857,0,13.24772536,14.26000292,1,1236,1181,1236,95.55016181,4.449838188,
kitti,000019,roll,-1,deg,115697,115697,18793,16.24329066,18792,134,0,4.911280645,10.18697923,1,1236,1214,1236,98.22006472,1.779935275,
kitti,000019,roll,1,deg,115697,115697,18775,16.22773278,18792,150,0,4.911292984,10.18846817,1,1236,1230,1236,99.51456311,0.4854368932,
kitti,000021,baseline,0,none,125260,125260,19824,15.82628133,19824,0,0,0,0,7,2939,1631,1631,55.49506635,0,
kitti,000021,yaw,-3,deg,125260,125260,19920,15.90292192,19824,714,0,43.96258971,62.63882762,7,2939,896,1631,30.48656005,25.00850629,
kitti,000021,yaw,-2,deg,125260,125260,19860,15.85502156,19824,502,0,29.30773178,41.77211137,7,2939,1161,1631,39.50323239,15.99183396,
kitti,000021,yaw,-1,deg,125260,125260,19815,15.81909628,19824,276,0,14.65183324,20.90704217,7,2939,1414,1631,48.11160259,7.383463763,
kitti,000021,yaw,-0.5,deg,125260,125260,19814,15.81829794,19824,148,0,7.325612528,10.46197326,7,2939,1555,1631,52.90915277,2.585913576,
kitti,000021,yaw,0.5,deg,125260,125260,19818,15.8214913,19824,140,0,7.332662183,10.49202893,7,2939,1680,1631,57.1623001,-1.667233753,
kitti,000021,yaw,1,deg,125260,125260,19827,15.82867635,19824,280,0,14.67837492,20.98966079,7,2939,1699,1631,57.8087785,-2.313712147,
kitti,000021,yaw,2,deg,125260,125260,19841,15.83985311,19824,551,0,29.35199998,42.11993219,7,2939,1657,1631,56.37972099,-0.8846546444,
kitti,000021,yaw,3,deg,125260,125260,19863,15.85741657,19824,828,0,43.97591676,63.34310684,7,2939,1555,1631,52.90915277,2.585913576,
kitti,000021,lateral,-0.1,m,125260,125260,19779,15.79035606,19824,136,0,6.321949773,11.68860332,7,2939,1547,1631,52.63695134,2.858115005,
kitti,000021,lateral,-0.05,m,125260,125260,19789,15.79833945,19824,75,0,3.160973164,5.844295773,7,2939,1586,1631,53.96393331,1.531133038,
kitti,000021,lateral,-0.02,m,125260,125260,19809,15.81430624,19824,32,0,1.264388852,2.337716897,7,2939,1613,1631,54.88261313,0.6124532154,
kitti,000021,lateral,0.02,m,125260,125260,19838,15.83745809,19824,15,0,1.264388301,2.337715013,7,2939,1654,1631,56.27764546,-0.7825791085,
kitti,000021,lateral,0.05,m,125260,125260,19845,15.84304646,19824,44,0,3.16096972,5.844284,7,2939,1682,1631,57.23035046,-1.73528411,
kitti,000021,lateral,0.1,m,125260,125260,19874,15.86619831,19824,91,0,6.321935995,11.68855623,7,2939,1727,1631,58.7614835,-3.266417149,
kitti,000021,pitch,-1,deg,125260,125260,20727,16.54718186,19824,3,0,12.98871489,14.03451236,7,2939,1466,1631,49.88091187,5.614154474,
kitti,000021,pitch,1,deg,125260,125260,18931,15.1133642,19824,893,0,13.03751306,14.17956382,7,2939,1328,1631,45.18543722,10.30962913,
kitti,000021,roll,-1,deg,125260,125260,19816,15.81989462,19824,164,0,5.000395299,10.13080001,7,2939,1598,1631,54.37223545,1.122830895,
kitti,000021,roll,1,deg,125260,125260,19824,15.82628133,19824,151,0,5.000194336,10.13063942,7,2939,1592,1631,54.16808438,1.326981967,
kitti,000023,baseline,0,none,120412,120412,18587,15.43616915,18587,0,0,0,0,1,20,20,20,100,0,
kitti,000023,yaw,-3,deg,120412,120412,18578,15.42869481,18587,825,0,44.58943888,63.69493061,1,20,0,20,0,100,
kitti,000023,yaw,-2,deg,120412,120412,18581,15.43118626,18587,545,0,29.68880478,42.18065382,1,20,0,20,0,100,
kitti,000023,yaw,-1,deg,120412,120412,18584,15.43367771,18587,272,0,14.83391417,21.08093715,1,20,0,20,0,100,
kitti,000023,yaw,-0.5,deg,120412,120412,18595,15.44281301,18587,131,0,7.414436369,10.53281903,1,20,8,20,40,60,
kitti,000023,yaw,0.5,deg,120412,120412,18585,15.43450819,18587,134,0,7.408295163,10.52501463,1,20,12,20,60,40,
kitti,000023,yaw,1,deg,120412,120412,18583,15.43284722,18587,273,0,14.81011255,21.05296309,1,20,0,20,0,100,
kitti,000023,yaw,2,deg,120412,120412,18592,15.44032156,18587,539,0,29.59642915,42.10686287,1,20,0,20,0,100,
kitti,000023,yaw,3,deg,120412,120412,18594,15.44198253,18587,810,0,44.38680005,63.16131512,1,20,0,20,0,100,
kitti,000023,lateral,-0.1,m,120412,120412,18552,15.40710228,18587,93,0,5.801667839,11.77735069,1,20,19,20,95,5,
kitti,000023,lateral,-0.05,m,120412,120412,18568,15.42038999,18587,44,0,2.900832469,5.888669366,1,20,20,20,100,0,
kitti,000023,lateral,-0.02,m,120412,120412,18580,15.43035578,18587,16,0,1.160332639,2.355466312,1,20,20,20,100,0,
kitti,000023,lateral,0.02,m,120412,120412,18592,15.44032156,18587,12,0,1.160332175,2.355464399,1,20,20,20,100,0,
kitti,000023,lateral,0.05,m,120412,120412,18606,15.45194831,18587,27,0,2.900829568,5.888657413,1,20,20,20,100,0,
kitti,000023,lateral,0.1,m,120412,120412,18616,15.46025313,18587,63,0,5.801656236,11.77730287,1,20,20,20,100,0,
kitti,000023,pitch,-1,deg,120412,120412,19519,16.21017839,18587,0,0,13.00777924,14.03697985,1,20,11,20,55,45,
kitti,000023,pitch,1,deg,120412,120412,17680,14.68292197,18587,907,0,13.06425754,14.18179006,1,20,12,20,60,40,
kitti,000023,roll,-1,deg,120412,120412,18587,15.43616915,18587,155,0,5.224149979,10.22789267,1,20,20,20,100,0,
kitti,000023,roll,1,deg,120412,120412,18586,15.43533867,18587,154,0,5.224209057,10.22828065,1,20,18,20,90,10,
kitti,000025,baseline,0,none,115780,115780,17529,15.13992054,17529,0,0,0,0,6,2865,1684,1684,58.77835951,0,
kitti,000025,yaw,-3,deg,115780,115780,17549,15.15719468,17529,528,0,42.78044681,62.51735739,6,2865,1277,1684,44.57242583,14.20593368,
kitti,000025,yaw,-2,deg,115780,115780,17528,15.13905683,17529,363,0,28.52894775,41.62429873,6,2865,1441,1684,50.29668412,8.481675393,
kitti,000025,yaw,-1,deg,115780,115780,17543,15.15201244,17529,171,0,14.26787946,20.80926268,6,2865,1598,1684,55.77661431,3.001745201,
kitti,000025,yaw,-0.5,deg,115780,115780,17538,15.1476939,17529,88,0,7.136559828,10.40919857,6,2865,1654,1684,57.73123909,1.047120419,
kitti,000025,yaw,0.5,deg,115780,115780,17534,15.14423907,17529,90,0,7.136376115,10.42087862,6,2865,1651,1684,57.62652705,1.151832461,
kitti,000025,yaw,1,deg,115780,115780,17540,15.14942132,17529,183,0,14.27562263,20.84316091,6,2865,1594,1684,55.63699825,3.141361257,
kitti,000025,yaw,2,deg,115780,115780,17541,15.15028502,17529,367,0,28.55856858,41.70304588,6,2865,1428,1684,49.84293194,8.935427574,
kitti,000025,yaw,3,deg,115780,115780,17514,15.12696493,17529,573,0,42.84703858,62.5652988,6,2865,1262,1684,44.04886562,14.72949389,
kitti,000025,lateral,-0.1,m,115780,115780,17532,15.14251166,17529,82,0,6.524258925,18.44642962,6,2865,1671,1684,58.32460733,0.4537521815,
kitti,000025,lateral,-0.05,m,115780,115780,17528,15.13905683,17529,45,0,3.262127628,9.223200144,6,2865,1676,1684,58.4991274,0.2792321117,
kitti,000025,lateral,-0.02,m,115780,115780,17527,15.13819312,17529,18,0,1.304850611,3.689276538,6,2865,1681,1684,58.67364747,0.1047120419,
kitti,000025,lateral,0.02,m,115780,115780,17528,15.13905683,17529,18,0,1.304850024,3.689271846,6,2865,1687,1684,58.88307155,-0.1047120419,
kitti,000025,lateral,0.05,m,115780,115780,17539,15.14855761,17529,39,0,3.26212396,9.223170818,6,2865,1691,1684,59.02268761,-0.2443280977,
kitti,000025,lateral,0.1,m,115780,115780,17545,15.15373985,17529,82,0,6.524244251,18.44631231,6,2865,1696,1684,59.19720768,-0.4188481675,
kitti,000025,pitch,-1,deg,115780,115780,18250,15.76265331,17529,1,0,13.01027258,14.05955666,6,2865,1585,1684,55.32286213,3.455497382,
kitti,000025,pitch,1,deg,115780,115780,16832,14.53791674,17529,698,0,13.0343023,14.19801603,6,2865,1557,1684,54.34554974,4.432809773,
kitti,000025,roll,-1,deg,115780,115780,17444,15.06650544,17529,134,0,4.494319251,9.914673678,6,2865,1684,1684,58.77835951,0,
kitti,000025,roll,1,deg,115780,115780,17598,15.19951632,17529,62,0,4.494023777,9.913362052,6,2865,1667,1684,58.18499127,0.5933682373,
kitti,000031,baseline,0,none,121291,121291,18896,15.57906193,18896,0,0,0,0,4,2714,2714,2714,100,0,
kitti,000031,yaw,-3,deg,121291,121291,18968,15.6384233,18896,748,0,43.85004491,63.08798666,4,2714,2157,2714,79.47678703,20.52321297,
kitti,000031,yaw,-2,deg,121291,121291,18931,15.60791815,18896,507,0,29.28410772,42.03807274,4,2714,2421,2714,89.20412675,10.79587325,
kitti,000031,yaw,-1,deg,121291,121291,18905,15.5864821,18896,262,0,14.66844316,21.03561249,4,2714,2633,2714,97.01547531,2.984524687,
kitti,000031,yaw,-0.5,deg,121291,121291,18907,15.58813102,18896,128,0,7.341963615,10.52432087,4,2714,2704,2714,99.63154016,0.3684598379,
kitti,000031,yaw,0.5,deg,121291,121291,18877,15.56339712,18896,139,0,7.349124465,10.52765951,4,2714,2692,2714,99.18938836,0.8106116433,
kitti,000031,yaw,1,deg,121291,121291,18837,15.53041858,18896,270,0,14.70202132,21.06376218,4,2714,2618,2714,96.46278556,3.537214444,
kitti,000031,yaw,2,deg,121291,121291,18783,15.48589755,18896,545,0,29.42773409,42.18269529,4,2714,2380,2714,87.69344141,12.30655859,
kitti,000031,yaw,3,deg,121291,121291,18731,15.44302545,18896,808,0,44.20566145,63.22863386,4,2714,2134,2714,78.6293294,21.3706706,
kitti,000031,lateral,-0.1,m,121291,121291,18870,15.55762587,18896,103,0,6.028400344,11.07219236,4,2714,2712,2714,99.92630803,0.07369196758,
kitti,000031,lateral,-0.05,m,121291,121291,18878,15.56422158,18896,53,0,3.014198606,5.536090896,4,2714,2714,2714,100,0,
kitti,000031,lateral,-0.02,m,121291,121291,18891,15.57493961,18896,18,0,1.205679066,2.214435091,4,2714,2714,2714,100,0,
kitti,000031,lateral,0.02,m,121291,121291,18897,15.57988639,18896,22,0,1.205678565,2.2144334,4,2714,2714,2714,100,0,
kitti,000031,lateral,0.05,m,121291,121291,18893,15.57658854,18896,45,0,3.014195474,5.536080331,4,2714,2713,2714,99.96315402,0.03684598379,
kitti,000031,lateral,0.1,m,121291,121291,18894,15.577413,18896,85,0,6.028387815,11.0721501,4,2714,2704,2714,99.63154016,0.3684598379,
kitti,000031,pitch,-1,deg,121291,121291,19794,16.31943013,18896,2,0,13.00557045,14.03186534,4,2714,2454,2714,90.42004422,9.579955785,
kitti,000031,pitch,1,deg,121291,121291,18014,14.85188514,18896,883,0,13.05286102,14.17747974,4,2714,2591,2714,95.46794399,4.532056006,
kitti,000031,roll,-1,deg,121291,121291,18854,15.54443446,18896,162,0,5.028355845,10.16586942,4,2714,2675,2714,98.56300663,1.436993368,
kitti,000031,roll,1,deg,121291,121291,18907,15.58813102,18896,140,0,5.028349944,10.16657309,4,2714,2698,2714,99.41046426,0.5895357406,
kitti,000032,baseline,0,none,118661,118661,19535,16.4628648,19535,0,0,0,0,6,3382,3380,3380,99.94086339,0,
kitti,000032,yaw,-3,deg,118661,118661,19537,16.46455027,19535,806,0,43.94460439,63.14384266,6,3382,2908,3380,85.98462448,13.95623891,
kitti,000032,yaw,-2,deg,118661,118661,19540,16.46707848,19535,530,0,29.31149265,42.044529,6,3382,3150,3380,93.14015376,6.800709639,
kitti,000032,yaw,-1,deg,118661,118661,19539,16.46623575,19535,263,0,14.6570821,21.00135103,6,3382,3331,3380,98.49201656,1.448846836,
kitti,000032,yaw,-0.5,deg,118661,118661,19536,16.46370754,19535,136,0,7.327404024,10.49669895,6,3382,3374,3380,99.76345358,0.1774098167,
kitti,000032,yaw,0.5,deg,118661,118661,19547,16.47297764,19535,125,0,7.332658137,10.49251709,6,3382,3365,3380,99.49733885,0.4435245417,
kitti,000032,yaw,1,deg,118661,118661,19546,16.47213491,19535,259,0,14.66581103,20.98945116,6,3382,3308,3380,97.81194559,2.1289178,
kitti,000032,yaw,2,deg,118661,118661,19548,16.47382038,19535,530,0,29.34621338,41.96143655,6,3382,3128,3380,92.48965109,7.4512123,
kitti,000032,yaw,3,deg,118661,118661,19552,16.47719133,19535,798,0,44.03303782,63.02331051,6,3382,2924,3380,86.45771733,13.48314607,
kitti,000032,lateral,-0.1,m,118661,118661,19550,16.47550585,19535,77,0,6.030761601,11.21237627,6,3382,3376,3380,99.82259018,0.1182732111,
kitti,000032,lateral,-0.05,m,118661,118661,19550,16.47550585,19535,35,0,3.015379233,5.606182715,6,3382,3381,3380,99.9704317,-0.02956830278,
kitti,000032,lateral,-0.02,m,118661,118661,19538,16.46539301,19535,13,0,1.206151317,2.242471786,6,3382,3381,3380,99.9704317,-0.02956830278,
kitti,000032,lateral,0.02,m,118661,118661,19534,16.46202206,19535,19,0,1.206150815,2.242470053,6,3382,3380,3380,99.94086339,0,
kitti,000032,lateral,0.05,m,118661,118661,19529,16.45780838,19535,44,0,3.015376098,5.606171881,6,3382,3380,3380,99.94086339,0,
kitti,000032,lateral,0.1,m,118661,118661,19531,16.45949385,19535,82,0,6.030749062,11.21233293,6,3382,3377,3380,99.85215849,0.08870490834,
kitti,000032,pitch,-1,deg,118661,118661,20471,17.25166651,19535,2,0,13.00926129,14.00898568,6,3382,3078,3380,91.01123596,8.929627439,
kitti,000032,pitch,1,deg,118661,118661,18626,15.69681698,19535,910,0,13.06354274,14.15232475,6,3382,3292,3380,97.33885275,2.602010645,
kitti,000032,roll,-1,deg,118661,118661,19529,16.45780838,19535,161,0,4.9296938,10.1871516,6,3382,3372,3380,99.70431697,0.2365464222,
kitti,000032,roll,1,deg,118661,118661,19534,16.46202206,19535,158,0,4.930042706,10.18693384,6,3382,3351,3380,99.08338261,0.8574807806,
kitti,000043,baseline,0,none,122591,122591,19655,16.03298774,19655,0,0,0,0,4,514,503,503,97.85992218,0,
kitti,000043,yaw,-3,deg,122591,122591,19565,15.95957289,19655,738,0,43.78037057,63.05133979,4,514,0,503,0,97.85992218,
kitti,000043,yaw,-2,deg,122591,122591,19572,15.96528293,19655,481,0,29.19181493,41.94775251,4,514,36,503,7.003891051,90.85603113,
kitti,000043,yaw,-1,deg,122591,122591,19623,16.00688468,19655,254,0,14.5987589,20.91719523,4,514,337,503,65.56420233,32.29571984,
kitti,000043,yaw,-0.5,deg,122591,122591,19619,16.0036218,19655,139,0,7.299371955,10.44860518,4,514,473,503,92.0233463,5.836575875,
kitti,000043,yaw,0.5,deg,122591,122591,19689,16.06072224,19655,98,0,7.294453876,10.43413851,4,514,419,503,81.51750973,16.34241245,
kitti,000043,yaw,1,deg,122591,122591,19713,16.08029953,19655,210,0,14.58348887,20.85755698,4,514,252,503,49.02723735,48.83268482,
kitti,000043,yaw,2,deg,122591,122591,19769,16.12597988,19655,428,0,29.16435138,41.65488296,4,514,17,503,3.307392996,94.55252918,
kitti,000043,yaw,3,deg,122591,122591,19811,16.16024015,19655,654,0,43.75545963,62.57253232,4,514,0,503,0,97.85992218,
kitti,000043,lateral,-0.1,m,122591,122591,19647,16.02646198,19655,97,0,6.710658061,12.0088619,4,514,488,503,94.94163424,2.918287938,
kitti,000043,lateral,-0.05,m,122591,122591,19648,16.0272777,19655,50,0,3.35532709,6.004424737,4,514,505,503,98.24902724,-0.3891050584,
kitti,000043,lateral,-0.02,m,122591,122591,19650,16.02890914,19655,21,0,1.34213037,2.401768403,4,514,505,503,98.24902724,-0.3891050584,
kitti,000043,lateral,0.02,m,122591,122591,19653,16.0313563,19655,21,0,1.34212975,2.401766415,4,514,502,503,97.66536965,0.1945525292,
kitti,000043,lateral,0.05,m,122591,122591,19659,16.03625062,19655,42,0,3.35532321,6.004412308,4,514,490,503,95.3307393,2.529182879,
kitti,000043,lateral,0.1,m,122591,122591,19671,16.04603927,19655,80,0,6.710642539,12.00881219,4,514,460,503,89.49416342,8.365758755,
kitti,000043,pitch,-1,deg,122591,122591,20578,16.78589782,19655,1,0,13.03655489,14.03992299,4,514,460,503,89.49416342,8.365758755,
kitti,000043,pitch,1,deg,122591,122591,18768,15.3094436,19655,887,0,13.07177477,14.18515174,4,514,459,503,89.29961089,8.560311284,
kitti,000043,roll,-1,deg,122591,122591,19658,16.0354349,19655,154,0,4.889099065,10.07488606,4,514,503,503,97.85992218,0,
kitti,000043,roll,1,deg,122591,122591,19653,16.0313563,19655,156,0,4.889367195,10.07508974,4,514,497,503,96.692607,1.167315175,
kitti,000048,baseline,0,none,122675,122675,19820,16.15651111,19820,0,0,0,0,4,402,370,370,92.039801,0,
kitti,000048,yaw,-3,deg,122675,122675,19795,16.13613206,19820,751,0,43.73843906,63.48859037,4,402,0,370,0,92.039801,
kitti,000048,yaw,-2,deg,122675,122675,19848,16.17933564,19820,456,0,29.14223742,42.07645021,4,402,61,370,15.17412935,76.86567164,
kitti,000048,yaw,-1,deg,122675,122675,19870,16.19726921,19820,206,0,14.57409889,21.02820328,4,402,310,370,77.11442786,14.92537313,
kitti,000048,yaw,-0.5,deg,122675,122675,19824,16.15977175,19820,130,0,7.284551481,10.51289409,4,402,380,370,94.52736318,-2.487562189,
kitti,000048,yaw,0.5,deg,122675,122675,19841,16.17362951,19820,135,0,7.284325904,10.50782601,4,402,286,370,71.14427861,20.89552239,
kitti,000048,yaw,1,deg,122675,122675,19852,16.18259629,19820,273,0,14.56888961,21.01201866,4,402,142,370,35.32338308,56.71641791,
kitti,000048,yaw,2,deg,122675,122675,19883,16.20786631,19820,550,0,29.17437415,41.96590587,4,402,2,370,0.4975124378,91.54228856,
kitti,000048,yaw,3,deg,122675,122675,19897,16.21927858,19820,812,0,43.79071901,63.00746595,4,402,0,370,0,92.039801,
kitti,000048,lateral,-0.1,m,122675,122675,19788,16.13042592,19820,155,0,7.422757225,16.11684088,4,402,385,370,95.77114428,-3.731343284,
kitti,000048,lateral,-0.05,m,122675,122675,19803,16.14265335,19820,82,0,3.711284987,8.05797998,4,402,381,370,94.7761194,-2.736318408,
kitti,000048,lateral,-0.02,m,122675,122675,19809,16.14754432,19820,34,0,1.484491526,3.223086291,4,402,378,370,94.02985075,-1.990049751,
kitti,000048,lateral,0.02,m,122675,122675,19827,16.16221724,19820,20,0,1.484461568,3.222945368,4,402,363,370,90.29850746,1.741293532,
kitti,000048,lateral,0.05,m,122675,122675,19858,16.18748726,19820,49,0,3.711097751,8.057099208,4,402,353,370,87.81094527,4.228855721,
kitti,000048,lateral,0.1,m,122675,122675,19898,16.22009374,19820,98,0,7.422008279,16.11331779,4,402,326,370,81.09452736,10.94527363,
kitti,000048,pitch,-1,deg,122675,122675,20776,16.93580599,19820,5,0,12.98352184,13.93761047,4,402,344,370,85.5721393,6.467661692,
kitti,000048,pitch,1,deg,122675,122675,18960,15.45547178,19820,862,0,13.00377677,14.0716222,4,402,328,370,81.5920398,10.44776119,
kitti,000048,roll,-1,deg,122675,122675,19864,16.19237824,19820,163,0,4.872926837,10.10081826,4,402,374,370,93.03482587,-0.9950248756,
kitti,000048,roll,1,deg,122675,122675,19852,16.18259629,19820,118,0,4.872780535,10.10070448,4,402,368,370,91.54228856,0.4975124378,
kitti,000049,baseline,0,none,113691,113691,18093,15.91418846,18093,0,0,0,0,13,4307,4155,4155,96.47086139,0,
kitti,000049,yaw,-3,deg,113691,113691,17790,15.6476766,18093,750,0,43.48167149,63.33792512,13,4307,3295,4155,76.50336661,19.96749478,
kitti,000049,yaw,-2,deg,113691,113691,17890,15.73563431,18093,501,0,28.99265016,41.9009978,13,4307,3668,4155,85.16368702,11.30717437,
kitti,000049,yaw,-1,deg,113691,113691,17986,15.82007371,18093,246,0,14.50968431,20.82162558,13,4307,4046,4155,93.94009752,2.530763873,
kitti,000049,yaw,-0.5,deg,113691,113691,18033,15.86141383,18093,122,0,7.256897998,10.38899448,13,4307,4139,4155,96.09937311,0.3714882749,
kitti,000049,yaw,0.5,deg,113691,113691,18134,15.95025112,18093,70,0,7.262660752,10.34388997,13,4307,4086,4155,94.8688182,1.602043186,
kitti,000049,yaw,1,deg,113691,113691,18174,15.9854342,18093,145,0,14.52844015,20.66840248,13,4307,3918,4155,90.96819132,5.502670072,
kitti,000049,yaw,2,deg,113691,113691,18229,16.03381094,18093,303,0,29.08675729,41.27113586,13,4307,3531,4155,81.98281867,14.48804272,
kitti,000049,yaw,3,deg,113691,113691,18231,16.0355701,18093,499,0,43.67105109,61.92324425,13,4307,3070,4155,71.27931275,25.19154864,
kitti,000049,lateral,-0.1,m,113691,113691,18071,15.89483776,18093,76,0,5.853832448,15.46195762,13,4307,4176,4155,96.95843975,-0.4875783608,
kitti,000049,lateral,-0.05,m,113691,113691,18077,15.90011522,18093,43,0,2.926914748,7.730968507,13,4307,4173,4155,96.8887857,-0.4179243093,
kitti,000049,lateral,-0.02,m,113691,113691,18086,15.90803142,18093,19,0,1.170765545,3.092384931,13,4307,4166,4155,96.72625958,-0.255398189,
kitti,000049,lateral,0.02,m,113691,113691,18094,15.91506804,18093,13,0,1.170765072,3.092381634,13,4307,4144,4155,96.2154632,0.255398189,
kitti,000049,lateral,0.05,m,113691,113691,18103,15.92298423,18093,31,0,2.926911794,7.730947905,13,4307,4135,4155,96.00650104,0.4643603436,
kitti,000049,lateral,0.1,m,113691,113691,18114,15.93265958,18093,56,0,5.853820635,15.46187521,13,4307,4101,4155,95.21708846,1.253772928,
kitti,000049,pitch,-1,deg,113691,113691,18944,16.66270857,18093,1,0,13.02659117,14.07581479,13,4307,3664,4155,85.07081495,11.40004644,
kitti,000049,pitch,1,deg,113691,113691,17240,15.16390919,18093,854,0,13.06709683,14.21825132,13,4307,3872,4155,89.90016253,6.570698862,
kitti,000049,roll,-1,deg,113691,113691,18077,15.90011522,18093,131,0,4.877617747,9.993142375,13,4307,4105,4155,95.30996053,1.160900859,
kitti,000049,roll,1,deg,113691,113691,18070,15.89395818,18093,136,0,4.877272011,9.994576322,13,4307,4002,4155,92.91850476,3.552356629,
kitti,000061,baseline,0,none,125247,125247,19791,15.80157609,19791,0,0,0,0,2,586,253,253,43.17406143,0,
kitti,000061,yaw,-3,deg,125247,125247,19657,15.6945875,19791,828,0,42.82236806,63.08493499,2,586,137,253,23.37883959,19.79522184,
kitti,000061,yaw,-2,deg,125247,125247,19690,15.72093543,19791,557,0,28.54041163,41.87718625,2,586,189,253,32.25255973,10.92150171,
kitti,000061,yaw,-1,deg,125247,125247,19733,15.75526759,19791,284,0,14.26901804,20.91802278,2,586,261,253,44.53924915,-1.365187713,
kitti,000061,yaw,-0.5,deg,125247,125247,19765,15.78081711,19791,142,0,7.132150202,10.44590975,2,586,288,253,49.14675768,-5.972696246,
kitti,000061,yaw,0.5,deg,125247,125247,19813,15.81914138,19791,114,0,7.134102797,10.42806363,2,586,218,253,37.20136519,5.972696246,
kitti,000061,yaw,1,deg,125247,125247,19825,15.82872244,19791,232,0,14.26892372,20.83966262,2,586,178,253,30.37542662,12.79863481,
kitti,000061,yaw,2,deg,125247,125247,19866,15.86145776,19791,465,0,28.5435877,41.66211907,2,586,121,253,20.64846416,22.52559727,
kitti,000061,yaw,3,deg,125247,125247,19899,15.8878057,19791,703,0,42.83523816,62.42416408,2,586,65,253,11.09215017,32.08191126,
kitti,000061,lateral,-0.1,m,125247,125247,19769,15.78401079,19791,76,0,4.720571254,10.78133971,2,586,278,253,47.44027304,-4.266211604,
kitti,000061,lateral,-0.05,m,125247,125247,19783,15.79518871,19791,32,0,2.360284667,5.390664848,2,586,266,253,45.39249147,-2.218430034,
kitti,000061,lateral,-0.02,m,125247,125247,19788,15.79918082,19791,12,0,0.9441136362,2.156264737,2,586,259,253,44.19795222,-1.023890785,
kitti,000061,lateral,0.02,m,125247,125247,19792,15.80237451,19791,11,0,0.944113329,2.156263134,2,586,248,253,42.32081911,0.8532423208,
kitti,000061,lateral,0.05,m,125247,125247,19797,15.80636662,19791,29,0,2.360282746,5.39065483,2,586,241,253,41.12627986,2.04778157,
kitti,000061,lateral,0.1,m,125247,125247,19803,15.81115715,19791,52,0,4.720563572,10.78129964,2,586,230,253,39.24914676,3.924914676,
kitti,000061,pitch,-1,deg,125247,125247,20727,16.54889937,19791,2,0,12.93949506,13.98446556,2,586,238,253,40.61433447,2.559726962,
kitti,000061,pitch,1,deg,125247,125247,18877,15.07181809,19791,914,0,12.99180199,14.12692745,2,586,233,253,39.76109215,3.412969283,
kitti,000061,roll,-1,deg,125247,125247,19768,15.78321237,19791,165,0,4.562358646,10.14463919,2,586,258,253,44.02730375,-0.8532423208,
kitti,000061,roll,1,deg,125247,125247,19790,15.80077766,19791,159,0,4.562514178,10.14455198,2,586,234,253,39.93174061,3.242320819,
nuscenes,scene-0103_000,baseline,0,none,34752,34752,2984,8.586556169,2984,0,0,0,0,0,0,0,0,,,-35.186
nuscenes,scene-0103_000,yaw,-3,deg,34752,34752,3054,8.787983425,2984,112,0,75.04798823,91.90706705,0,0,0,0,,,-35.186
nuscenes,scene-0103_000,yaw,-2,deg,34752,34752,3035,8.733310313,2984,71,0,50.03971094,61.42235113,0,0,0,0,,,-35.186
nuscenes,scene-0103_000,yaw,-1,deg,34752,34752,3009,8.658494475,2984,33,0,25.01040532,30.80841624,0,0,0,0,,,-35.186
nuscenes,scene-0103_000,yaw,-0.5,deg,34752,34752,3000,8.632596685,2984,12,0,12.50623884,15.43004732,0,0,0,0,,,-35.186
nuscenes,scene-0103_000,yaw,0.5,deg,34752,34752,2972,8.552025783,2984,33,0,12.50343994,15.5056643,0,0,0,0,,,-35.186
nuscenes,scene-0103_000,yaw,1,deg,34752,34752,2959,8.514617864,2984,62,0,25.00464615,31.10040568,0,0,0,0,,,-35.186
nuscenes,scene-0103_000,yaw,2,deg,34752,34752,2934,8.442679558,2984,121,0,50.07691383,62.58963323,0,0,0,0,,,-35.186
nuscenes,scene-0103_000,yaw,3,deg,34752,34752,2914,8.385128913,2984,179,0,75.21037647,94.72474998,0,0,0,0,,,-35.186
nuscenes,scene-0103_000,lateral,-0.1,m,34752,34752,2990,8.603821363,2984,14,0,9.458348437,25.78596725,0,0,0,0,,,-35.186
nuscenes,scene-0103_000,lateral,-0.05,m,34752,34752,2986,8.592311234,2984,7,0,4.72896424,12.89142359,0,0,0,0,,,-35.186
nuscenes,scene-0103_000,lateral,-0.02,m,34752,34752,2986,8.592311234,2984,1,0,1.891535305,5.156195101,0,0,0,0,,,-35.186
nuscenes,scene-0103_000,lateral,0.02,m,34752,34752,2986,8.592311234,2984,5,0,1.891468121,5.155696071,0,0,0,0,,,-35.186
nuscenes,scene-0103_000,lateral,0.05,m,34752,34752,2988,8.598066298,2984,9,0,4.72854434,12.88830466,0,0,0,0,,,-35.186
nuscenes,scene-0103_000,lateral,0.1,m,34752,34752,2989,8.600943831,2984,16,0,9.456668836,25.77349151,0,0,0,0,,,-35.186
nuscenes,scene-0103_000,pitch,-1,deg,34752,34752,3123,8.986533149,2984,1,0,22.95231789,26.55421676,0,0,0,0,,,-35.186
nuscenes,scene-0103_000,pitch,1,deg,34752,34752,2842,8.177946593,2984,143,0,23.07262811,26.91562787,0,0,0,0,,,-35.186
nuscenes,scene-0103_000,roll,-1,deg,34752,34752,2980,8.575046041,2984,19,0,8.003517915,13.97018285,0,0,0,0,,,-35.186
nuscenes,scene-0103_000,roll,1,deg,34752,34752,2995,8.618209024,2984,14,0,8.003850274,13.96931913,0,0,0,0,,,-35.186
nuscenes,scene-0103_001,baseline,0,none,34688,34688,3047,8.784017528,3047,0,0,0,0,1,21,20,20,95.23809524,0,-35.621
nuscenes,scene-0103_001,yaw,-3,deg,34688,34688,3102,8.942573801,3047,121,0,75.30299265,92.21736726,1,21,0,20,0,95.23809524,-35.621
nuscenes,scene-0103_001,yaw,-2,deg,34688,34688,3083,8.887799815,3047,82,0,50.17144605,61.57790369,1,21,0,20,0,95.23809524,-35.621
nuscenes,scene-0103_001,yaw,-1,deg,34688,34688,3057,8.812845941,3047,45,0,25.09514763,30.79485339,1,21,7,20,33.33333333,61.9047619,-35.621
nuscenes,scene-0103_001,yaw,-0.5,deg,34688,34688,3051,8.795548893,3047,20,0,12.54102342,15.40474871,1,21,16,20,76.19047619,19.04761905,-35.621
nuscenes,scene-0103_001,yaw,0.5,deg,34688,34688,3036,8.752306273,3047,27,0,12.54286171,15.45175715,1,21,21,20,100,-4.761904762,-35.621
nuscenes,scene-0103_001,yaw,1,deg,34688,34688,3023,8.714829336,3047,56,0,25.08840587,30.98918333,1,21,21,20,100,-4.761904762,-35.621
nuscenes,scene-0103_001,yaw,2,deg,34688,34688,3005,8.662938192,3047,109,0,50.16328054,62.35553137,1,21,14,20,66.66666667,28.57142857,-35.621
nuscenes,scene-0103_001,yaw,3,deg,34688,34688,2994,8.631226937,3047,165,0,75.24644547,94.15615804,1,21,1,20,4.761904762,90.47619048,-35.621
nuscenes,scene-0103_001,lateral,-0.1,m,34688,34688,3045,8.778251845,3047,18,0,8.83749915,25.88175215,1,21,17,20,80.95238095,14.28571429,-35.621
nuscenes,scene-0103_001,lateral,-0.05,m,34688,34688,3048,8.786900369,3047,6,0,4.418559732,12.93924096,1,21,19,20,90.47619048,4.761904762,-35.621
nuscenes,scene-0103_001,lateral,-0.02,m,34688,34688,3048,8.786900369,3047,4,0,1.767378333,5.175304034,1,21,20,20,95.23809524,0,-35.621
nuscenes,scene-0103_001,lateral,0.02,m,34688,34688,3047,8.784017528,3047,4,0,1.767317591,5.174780995,1,21,21,20,100,-4.761904762,-35.621
nuscenes,scene-0103_001,lateral,0.05,m,34688,34688,3049,8.78978321,3047,7,0,4.418180094,12.93597196,1,21,21,20,100,-4.761904762,-35.621
nuscenes,scene-0103_001,lateral,0.1,m,34688,34688,3049,8.78978321,3047,14,0,8.835980599,25.86867617,1,21,21,20,100,-4.761904762,-35.621
nuscenes,scene-0103_001,pitch,-1,deg,34688,34688,3182,9.173201107,3047,1,0,22.91532942,26.61505491,1,21,19,20,90.47619048,4.761904762,-35.621
nuscenes,scene-0103_001,pitch,1,deg,34688,34688,2902,8.366005535,3047,146,0,23.03075216,26.97622817,1,21,14,20,66.66666667,28.57142857,-35.621
nuscenes,scene-0103_001,roll,-1,deg,34688,34688,3042,8.769603321,3047,22,0,8.075045596,13.87489222,1,21,20,20,95.23809524,0,-35.621
nuscenes,scene-0103_001,roll,1,deg,34688,34688,3053,8.801314576,3047,15,0,8.072802123,13.86633395,1,21,14,20,66.66666667,28.57142857,-35.621
nuscenes,scene-0103_002,baseline,0,none,34752,34752,3084,8.874309392,3084,0,0,0,0,0,0,0,0,,,-35.489
nuscenes,scene-0103_002,yaw,-3,deg,34752,34752,3093,8.900207182,3084,154,0,75.27633226,92.64860516,0,0,0,0,,,-35.489
nuscenes,scene-0103_002,yaw,-2,deg,34752,34752,3080,8.862799263,3084,119,0,50.21936679,61.55705298,0,0,0,0,,,-35.489
nuscenes,scene-0103_002,yaw,-1,deg,34752,34752,3088,8.885819521,3084,55,0,25.10623033,30.74929883,0,0,0,0,,,-35.489
nuscenes,scene-0103_002,yaw,-0.5,deg,34752,34752,3092,8.89732965,3084,22,0,12.55215691,15.39022201,0,0,0,0,,,-35.489
nuscenes,scene-0103_002,yaw,0.5,deg,34752,34752,3078,8.857044199,3084,28,0,12.54370073,15.44628464,0,0,0,0,,,-35.489
nuscenes,scene-0103_002,yaw,1,deg,34752,34752,3071,8.836901473,3084,57,0,25.0945802,30.94759632,0,0,0,0,,,-35.489
nuscenes,scene-0103_002,yaw,2,deg,34752,34752,3050,8.776473297,3084,121,0,50.14637061,62.29340295,0,0,0,0,,,-35.489
nuscenes,scene-0103_002,yaw,3,deg,34752,34752,3033,8.727555249,3084,178,0,75.29506483,94.29713762,0,0,0,0,,,-35.489
nuscenes,scene-0103_002,lateral,-0.1,m,34752,34752,3081,8.865676796,3084,19,0,7.836144732,24.4057924,0,0,0,0,,,-35.489
nuscenes,scene-0103_002,lateral,-0.05,m,34752,34752,3082,8.868554328,3084,10,0,3.917917805,12.20140934,0,0,0,0,,,-35.489
nuscenes,scene-0103_002,lateral,-0.02,m,34752,34752,3086,8.880064457,3084,1,0,1.56713003,4.880206959,0,0,0,0,,,-35.489
nuscenes,scene-0103_002,lateral,0.02,m,34752,34752,3088,8.885819521,3084,1,0,1.567080576,4.879731338,0,0,0,0,,,-35.489
nuscenes,scene-0103_002,lateral,0.05,m,34752,34752,3087,8.882941989,3084,6,0,3.917608719,12.19843671,0,0,0,0,,,-35.489
nuscenes,scene-0103_002,lateral,0.1,m,34752,34752,3085,8.877186924,3084,16,0,7.834908389,24.39390187,0,0,0,0,,,-35.489
nuscenes,scene-0103_002,pitch,-1,deg,34752,34752,3224,9.277163904,3084,0,0,22.85909676,26.44207377,0,0,0,0,,,-35.489
nuscenes,scene-0103_002,pitch,1,deg,34752,34752,2941,8.462822284,3084,144,0,22.94351902,26.81424731,0,0,0,0,,,-35.489
nuscenes,scene-0103_002,roll,-1,deg,34752,34752,3076,8.851289134,3084,23,0,8.165665505,13.90148827,0,0,0,0,,,-35.489
nuscenes,scene-0103_002,roll,1,deg,34752,34752,3097,8.911717311,3084,12,0,8.163760601,13.89305231,0,0,0,0,,,-35.489
nuscenes,scene-0103_003,baseline,0,none,34720,34720,3100,8.928571429,3100,0,0,0,0,0,0,0,0,,,-35.365
nuscenes,scene-0103_003,yaw,-3,deg,34720,34720,3097,8.919930876,3100,179,0,75.26613505,92.47257361,0,0,0,0,,,-35.365
nuscenes,scene-0103_003,yaw,-2,deg,34720,34720,3092,8.905529954,3100,125,0,50.15365691,61.57164703,0,0,0,0,,,-35.365
nuscenes,scene-0103_003,yaw,-1,deg,34720,34720,3097,8.919930876,3100,63,0,25.07839263,30.72971109,0,0,0,0,,,-35.365
nuscenes,scene-0103_003,yaw,-0.5,deg,34720,34720,3091,8.90264977,3100,37,0,12.54094393,15.36910569,0,0,0,0,,,-35.365
nuscenes,scene-0103_003,yaw,0.5,deg,34720,34720,3100,8.928571429,3100,26,0,12.54107184,15.4214918,0,0,0,0,,,-35.365
nuscenes,scene-0103_003,yaw,1,deg,34720,34720,3104,8.940092166,3100,53,0,25.09600173,30.90846817,0,0,0,0,,,-35.365
nuscenes,scene-0103_003,yaw,2,deg,34720,34720,3102,8.934331797,3100,108,0,50.20433176,62.13691067,0,0,0,0,,,-35.365
nuscenes,scene-0103_003,yaw,3,deg,34720,34720,3089,8.896889401,3100,167,0,75.39414192,93.89369208,0,0,0,0,,,-35.365
nuscenes,scene-0103_003,lateral,-0.1,m,34720,34720,3096,8.917050691,3100,20,0,8.137609357,24.40330347,0,0,0,0,,,-35.365
nuscenes,scene-0103_003,lateral,-0.05,m,34720,34720,3094,8.911290323,3100,11,0,4.068628305,12.20006818,0,0,0,0,,,-35.365
nuscenes,scene-0103_003,lateral,-0.02,m,34720,34720,3096,8.917050691,3100,6,0,1.627408995,4.879647296,0,0,0,0,,,-35.365
nuscenes,scene-0103_003,lateral,0.02,m,34720,34720,3099,8.925691244,3100,3,0,1.627352563,4.879140754,0,0,0,0,,,-35.365
nuscenes,scene-0103_003,lateral,0.05,m,34720,34720,3098,8.92281106,3100,10,0,4.068275605,12.19690229,0,0,0,0,,,-35.365
nuscenes,scene-0103_003,lateral,0.1,m,34720,34720,3103,8.937211982,3100,15,0,8.136198554,24.39063993,0,0,0,0,,,-35.365
nuscenes,scene-0103_003,pitch,-1,deg,34720,34720,3230,9.302995392,3100,4,0,22.8939565,26.48013727,0,0,0,0,,,-35.365
nuscenes,scene-0103_003,pitch,1,deg,34720,34720,2955,8.5109447,3100,146,0,22.9572574,26.85537973,0,0,0,0,,,-35.365
nuscenes,scene-0103_003,roll,-1,deg,34720,34720,3091,8.90264977,3100,25,0,8.141942217,13.86332863,0,0,0,0,,,-35.365
nuscenes,scene-0103_003,roll,1,deg,34720,34720,3106,8.945852535,3100,14,0,8.14143098,13.86913103,0,0,0,0,,,-35.365
nuscenes,scene-0103_004,baseline,0,none,34784,34784,3062,8.802897884,3062,0,0,0,0,1,53,53,53,100,0,-35.788
nuscenes,scene-0103_004,yaw,-3,deg,34784,34784,3062,8.802897884,3062,163,0,75.7020628,92.54596158,1,53,46,53,86.79245283,13.20754717,-35.788
nuscenes,scene-0103_004,yaw,-2,deg,34784,34784,3075,8.840271389,3062,108,0,50.43915903,61.74428859,1,53,47,53,88.67924528,11.32075472,-35.788
nuscenes,scene-0103_004,yaw,-1,deg,34784,34784,3063,8.805772769,3062,59,0,25.22363829,30.89417855,1,53,51,53,96.22641509,3.773584906,-35.788
nuscenes,scene-0103_004,yaw,-0.5,deg,34784,34784,3061,8.800022999,3062,30,0,12.60963439,15.43962526,1,53,53,53,100,0,-35.788
nuscenes,scene-0103_004,yaw,0.5,deg,34784,34784,3052,8.774149034,3062,37,0,12.60745124,15.48059376,1,53,53,53,100,0,-35.788
nuscenes,scene-0103_004,yaw,1,deg,34784,34784,3056,8.785648574,3062,63,0,25.21615522,31.01917915,1,53,53,53,100,0,-35.788
nuscenes,scene-0103_004,yaw,2,deg,34784,34784,3065,8.811522539,3062,117,0,50.42413409,62.49731744,1,53,51,53,96.22641509,3.773584906,-35.788
nuscenes,scene-0103_004,yaw,3,deg,34784,34784,3073,8.834521619,3062,169,0,75.59279852,94.43806429,1,53,47,53,88.67924528,11.32075472,-35.788
nuscenes,scene-0103_004,lateral,-0.1,m,34784,34784,3055,8.782773689,3062,23,0,9.84057248,24.65977652,1,53,53,53,100,0,-35.788
nuscenes,scene-0103_004,lateral,-0.05,m,34784,34784,3056,8.785648574,3062,11,0,4.92003554,12.32830378,1,53,53,53,100,0,-35.788
nuscenes,scene-0103_004,lateral,-0.02,m,34784,34784,3059,8.794273229,3062,6,0,1.967954053,4.930941318,1,53,53,53,100,0,-35.788
nuscenes,scene-0103_004,lateral,0.02,m,34784,34784,3058,8.791398344,3062,5,0,1.967873841,4.930434482,1,53,53,53,100,0,-35.788
nuscenes,scene-0103_004,lateral,0.05,m,34784,34784,3058,8.791398344,3062,14,0,4.919534217,12.32513606,1,53,53,53,100,0,-35.788
nuscenes,scene-0103_004,lateral,0.1,m,34784,34784,3062,8.802897884,3062,21,0,9.838567187,24.64710561,1,53,53,53,100,0,-35.788
nuscenes,scene-0103_004,pitch,-1,deg,34784,34784,3194,9.182382705,3062,1,0,22.96837478,26.47293384,1,53,53,53,100,0,-35.788
nuscenes,scene-0103_004,pitch,1,deg,34784,34784,2911,8.368790248,3062,151,0,23.03986784,26.83084186,1,53,53,53,100,0,-35.788
nuscenes,scene-0103_004,roll,-1,deg,34784,34784,3054,8.779898804,3062,26,0,8.246994162,13.91184634,1,53,53,53,100,0,-35.788
nuscenes,scene-0103_004,roll,1,deg,34784,34784,3065,8.811522539,3062,17,0,8.248455539,13.90600746,1,53,53,53,100,0,-35.788
nuscenes,scene-0103_005,baseline,0,none,34720,34720,3083,8.879608295,3083,0,0,0,0,1,511,79,79,15.45988258,0,-36.226
nuscenes,scene-0103_005,yaw,-3,deg,34720,34720,3055,8.798963134,3083,166,0,74.97060404,92.42052241,1,511,113,79,22.11350294,-6.653620352,-36.226
nuscenes,scene-0103_005,yaw,-2,deg,34720,34720,3064,8.824884793,3083,106,0,49.99624738,61.54312289,1,511,97,79,18.98238748,-3.522504892,-36.226
nuscenes,scene-0103_005,yaw,-1,deg,34720,34720,3074,8.853686636,3083,50,0,24.99399804,30.72186276,1,511,86,79,16.8297456,-1.369863014,-36.226
nuscenes,scene-0103_005,yaw,-0.5,deg,34720,34720,3077,8.862327189,3083,26,0,12.50018543,15.36287186,1,511,82,79,16.04696673,-0.5870841487,-36.226
nuscenes,scene-0103_005,yaw,0.5,deg,34720,34720,3089,8.896889401,3083,18,0,12.50174507,15.36738638,1,511,76,79,14.87279843,0.5870841487,-36.226
nuscenes,scene-0103_005,yaw,1,deg,34720,34720,3087,8.891129032,3083,43,0,25.01866409,30.74091247,1,511,71,79,13.89432485,1.56555773,-36.226
nuscenes,scene-0103_005,yaw,2,deg,34720,34720,3109,8.954493088,3083,84,0,50.03731946,61.70258564,1,511,63,79,12.32876712,3.13111546,-36.226
nuscenes,scene-0103_005,yaw,3,deg,34720,34720,3122,8.991935484,3083,128,0,75.09296689,93.11151881,1,511,54,79,10.56751468,4.892367906,-36.226
nuscenes,scene-0103_005,lateral,-0.1,m,34720,34720,3081,8.873847926,3083,17,0,9.901229286,26.88522921,1,511,84,79,16.43835616,-0.9784735812,-36.226
nuscenes,scene-0103_005,lateral,-0.05,m,34720,34720,3079,8.868087558,3083,11,0,4.950358437,13.44072154,1,511,82,79,16.04696673,-0.5870841487,-36.226
nuscenes,scene-0103_005,lateral,-0.02,m,34720,34720,3083,8.879608295,3083,2,0,1.98008189,5.375834381,1,511,79,79,15.45988258,0,-36.226
nuscenes,scene-0103_005,lateral,0.02,m,34720,34720,3086,8.888248848,3083,0,0,1.979999917,5.375228854,1,511,79,79,15.45988258,0,-36.226
nuscenes,scene-0103_005,lateral,0.05,m,34720,34720,3087,8.891129032,3083,6,0,4.949846103,13.436937,1,511,76,79,14.87279843,0.5870841487,-36.226
nuscenes,scene-0103_005,lateral,0.1,m,34720,34720,3088,8.894009217,3083,15,0,9.899179951,26.87009105,1,511,73,79,14.28571429,1.174168297,-36.226
nuscenes,scene-0103_005,pitch,-1,deg,34720,34720,3217,9.265552995,3083,1,0,23.02140928,26.64634753,1,511,79,79,15.45988258,0,-36.226
nuscenes,scene-0103_005,pitch,1,deg,34720,34720,2944,8.479262673,3083,142,0,23.03323817,27.00973389,1,511,79,79,15.45988258,0,-36.226
nuscenes,scene-0103_005,roll,-1,deg,34720,34720,3074,8.853686636,3083,23,0,7.915321106,13.68722236,1,511,79,79,15.45988258,0,-36.226
nuscenes,scene-0103_005,roll,1,deg,34720,34720,3091,8.90264977,3083,13,0,7.913249407,13.69256841,1,511,79,79,15.45988258,0,-36.226
nuscenes,scene-0103_006,baseline,0,none,34688,34688,3180,9.167435424,3180,0,0,0,0,0,0,0,0,,,-36.662
nuscenes,scene-0103_006,yaw,-3,deg,34688,34688,3175,9.153021218,3180,177,0,75.50732819,92.45963723,0,0,0,0,,,-36.662
nuscenes,scene-0103_006,yaw,-2,deg,34688,34688,3175,9.153021218,3180,117,0,50.36505744,61.60372672,0,0,0,0,,,-36.662
nuscenes,scene-0103_006,yaw,-1,deg,34688,34688,3177,9.1587869,3180,56,0,25.19037199,30.80185315,0,0,0,0,,,-36.662
nuscenes,scene-0103_006,yaw,-0.5,deg,34688,34688,3176,9.155904059,3180,29,0,12.60207487,15.40427368,0,0,0,0,,,-36.662
nuscenes,scene-0103_006,yaw,0.5,deg,34688,34688,3183,9.176083948,3180,29,0,12.59952368,15.45184536,0,0,0,0,,,-36.662
nuscenes,scene-0103_006,yaw,1,deg,34688,34688,3183,9.176083948,3180,60,0,25.20902561,30.97585547,0,0,0,0,,,-36.662
nuscenes,scene-0103_006,yaw,2,deg,34688,34688,3183,9.176083948,3180,121,0,50.40914167,62.27784145,0,0,0,0,,,-36.662
nuscenes,scene-0103_006,yaw,3,deg,34688,34688,3183,9.176083948,3180,182,0,75.62360196,94.31795189,0,0,0,0,,,-36.662
nuscenes,scene-0103_006,lateral,-0.1,m,34688,34688,3170,9.138607011,3180,26,0,9.56310037,25.93055149,0,0,0,0,,,-36.662
nuscenes,scene-0103_006,lateral,-0.05,m,34688,34688,3177,9.1587869,3180,12,0,4.781320588,12.96357769,0,0,0,0,,,-36.662
nuscenes,scene-0103_006,lateral,-0.02,m,34688,34688,3179,9.164552583,3180,5,0,1.912473136,5.185023628,0,0,0,0,,,-36.662
nuscenes,scene-0103_006,lateral,0.02,m,34688,34688,3183,9.176083948,3180,1,0,1.912399676,5.184480463,0,0,0,0,,,-36.662
nuscenes,scene-0103_006,lateral,0.05,m,34688,34688,3185,9.181849631,3180,7,0,4.78086146,12.96018291,0,0,0,0,,,-36.662
nuscenes,scene-0103_006,lateral,0.1,m,34688,34688,3188,9.190498155,3180,19,0,9.561263858,25.91697237,0,0,0,0,,,-36.662
nuscenes,scene-0103_006,pitch,-1,deg,34688,34688,3314,9.553736162,3180,2,0,22.98421944,26.44508131,0,0,0,0,,,-36.662
nuscenes,scene-0103_006,pitch,1,deg,34688,34688,3041,8.76672048,3180,141,0,22.99044917,26.80100542,0,0,0,0,,,-36.662
nuscenes,scene-0103_006,roll,-1,deg,34688,34688,3173,9.147255535,3180,25,0,8.228899554,13.90748895,0,0,0,0,,,-36.662
nuscenes,scene-0103_006,roll,1,deg,34688,34688,3187,9.187615314,3180,11,0,8.226956886,13.89855819,0,0,0,0,,,-36.662
nuscenes,scene-0103_007,baseline,0,none,34688,34688,3143,9.060770295,3143,0,0,0,0,1,101,101,101,100,0,-36.529
nuscenes,scene-0103_007,yaw,-3,deg,34688,34688,3141,9.055004613,3143,185,0,75.77886557,92.75950311,1,101,81,101,80.1980198,19.8019802,-36.529
nuscenes,scene-0103_007,yaw,-2,deg,34688,34688,3139,9.04923893,3143,126,0,50.47448137,61.70719746,1,101,89,101,88.11881188,11.88118812,-36.529
nuscenes,scene-0103_007,yaw,-1,deg,34688,34688,3146,9.069418819,3143,59,0,25.21698701,30.84271573,1,101,99,101,98.01980198,1.98019802,-36.529
nuscenes,scene-0103_007,yaw,-0.5,deg,34688,34688,3141,9.055004613,3143,30,0,12.60257442,15.4058185,1,101,101,101,100,0,-36.529
nuscenes,scene-0103_007,yaw,0.5,deg,34688,34688,3141,9.055004613,3143,30,0,12.60203668,15.45807906,1,101,101,101,100,0,-36.529
nuscenes,scene-0103_007,yaw,1,deg,34688,34688,3140,9.052121771,3143,57,0,25.20317222,30.95975943,1,101,100,101,99.00990099,0.9900990099,-36.529
nuscenes,scene-0103_007,yaw,2,deg,34688,34688,3139,9.04923893,3143,120,0,50.40417454,62.38912789,1,101,96,101,95.04950495,4.95049505,-36.529
nuscenes,scene-0103_007,yaw,3,deg,34688,34688,3139,9.04923893,3143,181,0,75.63540486,94.26657985,1,101,91,101,90.0990099,9.900990099,-36.529
nuscenes,scene-0103_007,lateral,-0.1,m,34688,34688,3134,9.034824723,3143,25,0,10.86606498,26.60879496,1,101,101,101,100,0,-36.529
nuscenes,scene-0103_007,lateral,-0.05,m,34688,34688,3138,9.046356089,3143,14,0,5.432742544,13.30266213,1,101,101,101,100,0,-36.529
nuscenes,scene-0103_007,lateral,-0.02,m,34688,34688,3144,9.063653137,3143,3,0,2.173027436,5.320648456,1,101,101,101,100,0,-36.529
nuscenes,scene-0103_007,lateral,0.02,m,34688,34688,3148,9.075184502,3143,1,0,2.172934668,5.320093362,1,101,101,101,100,0,-36.529
nuscenes,scene-0103_007,lateral,0.05,m,34688,34688,3145,9.066535978,3143,9,0,5.432162744,13.29919279,1,101,101,101,100,0,-36.529
nuscenes,scene-0103_007,lateral,0.1,m,34688,34688,3147,9.072301661,3143,19,0,10.86374578,26.5949176,1,101,101,101,100,0,-36.529
nuscenes,scene-0103_007,pitch,-1,deg,34688,34688,3283,9.464368081,3143,1,0,22.99384531,26.4880818,1,101,97,101,96.03960396,3.96039604,-36.529
nuscenes,scene-0103_007,pitch,1,deg,34688,34688,2999,8.645641144,3143,145,0,23.0732303,26.84784608,1,101,95,101,94.05940594,5.940594059,-36.529
nuscenes,scene-0103_007,roll,-1,deg,34688,34688,3139,9.04923893,3143,23,0,8.257341853,13.9188065,1,101,101,101,100,0,-36.529
nuscenes,scene-0103_007,roll,1,deg,34688,34688,3149,9.078067343,3143,14,0,8.259716566,13.91847597,1,101,101,101,100,0,-36.529
nuscenes,scene-0103_008,baseline,0,none,34720,34720,2968,8.548387097,2968,0,0,0,0,2,1387,109,109,7.858687815,0,-36.42
nuscenes,scene-0103_008,yaw,-3,deg,34720,34720,2994,8.623271889,2968,137,0,75.39466267,91.97116666,2,1387,151,109,10.88680606,-3.028118241,-36.42
nuscenes,scene-0103_008,yaw,-2,deg,34720,34720,3004,8.652073733,2968,76,0,50.21450862,61.49860604,2,1387,141,109,10.16582552,-2.307137707,-36.42
nuscenes,scene-0103_008,yaw,-1,deg,34720,34720,2984,8.594470046,2968,37,0,25.09647446,30.84119148,2,1387,124,109,8.940158616,-1.0814708,-36.42
nuscenes,scene-0103_008,yaw,-0.5,deg,34720,34720,2972,8.559907834,2968,21,0,12.55002018,15.4253913,2,1387,117,109,8.435472242,-0.5767844268,-36.42
nuscenes,scene-0103_008,yaw,0.5,deg,34720,34720,2970,8.554147465,2968,29,0,12.5435929,15.4392919,2,1387,100,109,7.209805335,0.6488824802,-36.42
nuscenes,scene-0103_008,yaw,1,deg,34720,34720,2972,8.559907834,2968,57,0,25.07885252,30.9204912,2,1387,90,109,6.488824802,1.369863014,-36.42
nuscenes,scene-0103_008,yaw,2,deg,34720,34720,2978,8.57718894,2968,111,0,50.15106881,62.14009896,2,1387,69,109,4.974765681,2.883922134,-36.42
nuscenes,scene-0103_008,yaw,3,deg,34720,34720,2981,8.585829493,2968,166,0,75.20211609,93.95264787,2,1387,47,109,3.388608508,4.470079308,-36.42
nuscenes,scene-0103_008,lateral,-0.1,m,34720,34720,2967,8.545506912,2968,20,0,9.601908938,26.67699552,2,1387,122,109,8.795962509,-0.9372746936,-36.42
nuscenes,scene-0103_008,lateral,-0.05,m,34720,34720,2964,8.536866359,2968,13,0,4.800747757,13.33690422,2,1387,115,109,8.291276136,-0.4325883201,-36.42
nuscenes,scene-0103_008,lateral,-0.02,m,34720,34720,2965,8.539746544,2968,7,0,1.920249495,5.334379314,2,1387,111,109,8.002883922,-0.1441961067,-36.42
nuscenes,scene-0103_008,lateral,0.02,m,34720,34720,2970,8.554147465,2968,4,0,1.920183356,5.333869564,2,1387,106,109,7.642393655,0.2162941601,-36.42
nuscenes,scene-0103_008,lateral,0.05,m,34720,34720,2974,8.565668203,2968,11,0,4.800334385,13.33371829,2,1387,102,109,7.354001442,0.5046863735,-36.42
nuscenes,scene-0103_008,lateral,0.1,m,34720,34720,2975,8.568548387,2968,21,0,9.600255453,26.66425179,2,1387,95,109,6.849315068,1.009372747,-36.42
nuscenes,scene-0103_008,pitch,-1,deg,34720,34720,3101,8.931451613,2968,1,0,22.94571759,26.46709897,2,1387,114,109,8.219178082,-0.3604902668,-36.42
nuscenes,scene-0103_008,pitch,1,deg,34720,34720,2822,8.127880184,2968,148,0,23.04502767,26.82599581,2,1387,96,109,6.921413122,0.9372746936,-36.42
nuscenes,scene-0103_008,roll,-1,deg,34720,34720,2961,8.528225806,2968,25,0,8.172189564,13.85264115,2,1387,110,109,7.930785869,-0.07209805335,-36.42
nuscenes,scene-0103_008,roll,1,deg,34720,34720,2972,8.559907834,2968,14,0,8.173827304,13.84454195,2,1387,108,109,7.786589762,0.07209805335,-36.42
nuscenes,scene-0103_009,baseline,0,none,34720,34720,3044,8.767281106,3044,0,0,0,0,1,102,58,58,56.8627451,0,-35.747
nuscenes,scene-0103_009,yaw,-3,deg,34720,34720,3043,8.764400922,3044,175,0,75.48421512,92.40001816,1,102,73,58,71.56862745,-14.70588235,-35.747
nuscenes,scene-0103_009,yaw,-2,deg,34720,34720,3046,8.773041475,3044,114,0,50.29919881,61.52109319,1,102,69,58,67.64705882,-10.78431373,-35.747
nuscenes,scene-0103_009,yaw,-1,deg,34720,34720,3046,8.773041475,3044,55,0,25.14384929,30.75308589,1,102,66,58,64.70588235,-7.843137255,-35.747
nuscenes,scene-0103_009,yaw,-0.5,deg,34720,34720,3046,8.773041475,3044,27,0,12.57638039,15.37947306,1,102,62,58,60.78431373,-3.921568627,-35.747
nuscenes,scene-0103_009,yaw,0.5,deg,34720,34720,3040,8.755760369,3044,29,0,12.57600612,15.42905488,1,102,53,58,51.96078431,4.901960784,-35.747
nuscenes,scene-0103_009,yaw,1,deg,34720,34720,3045,8.77016129,3044,57,0,25.1541713,30.96619833,1,102,49,58,48.03921569,8.823529412,-35.747
nuscenes,scene-0103_009,yaw,2,deg,34720,34720,3033,8.735599078,3044,113,0,50.32569237,62.28237624,1,102,40,58,39.21568627,17.64705882,-35.747
nuscenes,scene-0103_009,yaw,3,deg,34720,34720,3034,8.738479263,3044,163,0,75.51110809,94.31787374,1,102,30,58,29.41176471,27.45098039,-35.747
nuscenes,scene-0103_009,lateral,-0.1,m,34720,34720,3041,8.758640553,3044,20,0,9.145914366,25.0857181,1,102,62,58,60.78431373,-3.921568627,-35.747
nuscenes,scene-0103_009,lateral,-0.05,m,34720,34720,3041,8.758640553,3044,12,0,4.57276494,12.54141812,1,102,60,58,58.82352941,-1.960784314,-35.747
nuscenes,scene-0103_009,lateral,-0.02,m,34720,34720,3046,8.773041475,3044,3,0,1.829059841,5.016221491,1,102,60,58,58.82352941,-1.960784314,-35.747
nuscenes,scene-0103_009,lateral,0.02,m,34720,34720,3041,8.758640553,3044,4,0,1.828998331,5.015760554,1,102,58,58,56.8627451,0,-35.747
nuscenes,scene-0103_009,lateral,0.05,m,34720,34720,3045,8.77016129,3044,8,0,4.572380502,12.53853727,1,102,57,58,55.88235294,0.9803921569,-35.747
nuscenes,scene-0103_009,lateral,0.1,m,34720,34720,3044,8.767281106,3044,18,0,9.144376615,25.07419466,1,102,54,58,52.94117647,3.921568627,-35.747
nuscenes,scene-0103_009,pitch,-1,deg,34720,34720,3178,9.153225806,3044,1,0,22.91273253,26.42672275,1,102,60,58,58.82352941,-1.960784314,-35.747
nuscenes,scene-0103_009,pitch,1,deg,34720,34720,2900,8.352534562,3044,145,0,23.01267552,26.78843031,1,102,58,58,56.8627451,0,-35.747
nuscenes,scene-0103_009,roll,-1,deg,34720,34720,3041,8.758640553,3044,25,0,8.241986584,13.86488269,1,102,60,58,58.82352941,-1.960784314,-35.747
nuscenes,scene-0103_009,roll,1,deg,34720,34720,3049,8.781682028,3044,16,0,8.243146282,13.87299332,1,102,58,58,56.8627451,0,-35.747
nuscenes,scene-0103_010,baseline,0,none,34720,34720,3120,8.986175115,3120,0,0,0,0,4,342,78,78,22.80701754,0,-35.616
nuscenes,scene-0103_010,yaw,-3,deg,34720,34720,3091,8.90264977,3120,186,0,75.80069913,92.57295242,4,342,69,78,20.1754386,2.631578947,-35.616
nuscenes,scene-0103_010,yaw,-2,deg,34720,34720,3108,8.951612903,3120,124,0,50.54367732,61.59304531,4,342,77,78,22.51461988,0.2923976608,-35.616
nuscenes,scene-0103_010,yaw,-1,deg,34720,34720,3114,8.968894009,3120,61,0,25.26684981,30.76813973,4,342,81,78,23.68421053,-0.8771929825,-35.616
nuscenes,scene-0103_010,yaw,-0.5,deg,34720,34720,3120,8.986175115,3120,28,0,12.63354355,15.37928261,4,342,80,78,23.39181287,-0.5847953216,-35.616
nuscenes,scene-0103_010,yaw,0.5,deg,34720,34720,3126,9.003456221,3120,28,0,12.62798128,15.40723616,4,342,77,78,22.51461988,0.2923976608,-35.616
nuscenes,scene-0103_010,yaw,1,deg,34720,34720,3125,9.000576037,3120,57,0,25.25509659,30.90634437,4,342,74,78,21.6374269,1.169590643,-35.616
nuscenes,scene-0103_010,yaw,2,deg,34720,34720,3126,9.003456221,3120,119,0,50.50049187,62.19704735,4,342,66,78,19.29824561,3.50877193,-35.616
nuscenes,scene-0103_010,yaw,3,deg,34720,34720,3133,9.023617512,3120,176,0,75.75552651,94.08696053,4,342,57,78,16.66666667,6.140350877,-35.616
nuscenes,scene-0103_010,lateral,-0.1,m,34720,34720,3113,8.966013825,3120,25,0,8.05385192,25.31020218,4,342,79,78,23.0994152,-0.2923976608,-35.616
nuscenes,scene-0103_010,lateral,-0.05,m,34720,34720,3116,8.974654378,3120,10,0,4.02679621,12.65381297,4,342,78,78,22.80701754,0,-35.616
nuscenes,scene-0103_010,lateral,-0.02,m,34720,34720,3120,8.986175115,3120,2,0,1.610687346,5.061216086,4,342,78,78,22.80701754,0,-35.616
nuscenes,scene-0103_010,lateral,0.02,m,34720,34720,3123,8.994815668,3120,2,0,1.61064583,5.060804012,4,342,78,78,22.80701754,0,-35.616
nuscenes,scene-0103_010,lateral,0.05,m,34720,34720,3125,9.000576037,3120,6,0,4.026536735,12.6512375,4,342,78,78,22.80701754,0,-35.616
nuscenes,scene-0103_010,lateral,0.1,m,34720,34720,3129,9.012096774,3120,15,0,8.05281402,25.29990032,4,342,78,78,22.80701754,0,-35.616
nuscenes,scene-0103_010,pitch,-1,deg,34720,34720,3256,9.377880184,3120,0,0,22.95830951,26.50296069,4,342,78,78,22.80701754,0,-35.616
nuscenes,scene-0103_010,pitch,1,deg,34720,34720,2979,8.580069124,3120,142,0,22.95802087,26.87277559,4,342,42,78,12.28070175,10.52631579,-35.616
nuscenes,scene-0103_010,roll,-1,deg,34720,34720,3118,8.980414747,3120,20,0,8.316798993,13.89092314,4,342,67,78,19.59064327,3.216374269,-35.616
nuscenes,scene-0103_010,roll,1,deg,34720,34720,3131,9.017857143,3120,14,0,8.315349867,13.88815765,4,342,78,78,22.80701754,0,-35.616
nuscenes,scene-0103_011,baseline,0,none,34688,34688,3097,8.928159594,3097,0,0,0,0,3,119,80,80,67.22689076,0,-35.486
nuscenes,scene-0103_011,yaw,-3,deg,34688,34688,3098,8.931042435,3097,177,0,76.03594219,93.19742401,3,119,68,80,57.14285714,10.08403361,-35.486
nuscenes,scene-0103_011,yaw,-2,deg,34688,34688,3099,8.933925277,3097,118,0,50.70247702,61.91326949,3,119,75,80,63.02521008,4.201680672,-35.486
nuscenes,scene-0103_011,yaw,-1,deg,34688,34688,3095,8.922393911,3097,62,0,25.37876318,30.97637718,3,119,79,80,66.38655462,0.8403361345,-35.486
nuscenes,scene-0103_011,yaw,-0.5,deg,34688,34688,3099,8.933925277,3097,30,0,12.69158986,15.47842738,3,119,80,80,67.22689076,0,-35.486
nuscenes,scene-0103_011,yaw,0.5,deg,34688,34688,3098,8.931042435,3097,28,0,12.69960147,15.51275714,3,119,80,80,67.22689076,0,-35.486
nuscenes,scene-0103_011,yaw,1,deg,34688,34688,3099,8.933925277,3097,60,0,25.41636308,31.10969519,3,119,79,80,66.38655462,0.8403361345,-35.486
nuscenes,scene-0103_011,yaw,2,deg,34688,34688,3103,8.945456642,3097,117,0,50.83320842,62.58214728,3,119,75,80,63.02521008,4.201680672,-35.486
nuscenes,scene-0103_011,yaw,3,deg,34688,34688,3103,8.945456642,3097,179,0,76.24999507,94.65600041,3,119,66,80,55.46218487,11.76470588,-35.486
nuscenes,scene-0103_011,lateral,-0.1,m,34688,34688,3090,8.907979705,3097,25,0,9.204059295,26.51228804,3,119,80,80,67.22689076,0,-35.486
nuscenes,scene-0103_011,lateral,-0.05,m,34688,34688,3095,8.922393911,3097,12,0,4.601853974,13.25468638,3,119,80,80,67.22689076,0,-35.486
nuscenes,scene-0103_011,lateral,-0.02,m,34688,34688,3095,8.922393911,3097,5,0,1.84069943,5.301524779,3,119,80,80,67.22689076,0,-35.486
nuscenes,scene-0103_011,lateral,0.02,m,34688,34688,3096,8.925276753,3097,3,0,1.840643221,5.301058488,3,119,80,80,67.22689076,0,-35.486
nuscenes,scene-0103_011,lateral,0.05,m,34688,34688,3100,8.936808118,3097,9,0,4.601502667,13.25177206,3,119,80,80,67.22689076,0,-35.486
nuscenes,scene-0103_011,lateral,0.1,m,34688,34688,3105,8.951222325,3097,16,0,9.202654068,26.50063076,3,119,80,80,67.22689076,0,-35.486
nuscenes,scene-0103_011,pitch,-1,deg,34688,34688,3230,9.311577491,3097,0,0,23.11634052,26.86021741,3,119,80,80,67.22689076,0,-35.486
nuscenes,scene-0103_011,pitch,1,deg,34688,34688,2955,8.518796125,3097,144,0,23.11860186,27.2444517,3,119,48,80,40.33613445,26.8907563,-35.486
nuscenes,scene-0103_011,roll,-1,deg,34688,34688,3092,8.913745387,3097,23,0,8.21852283,13.87644732,3,119,80,80,67.22689076,0,-35.486
nuscenes,scene-0103_011,roll,1,deg,34688,34688,3106,8.954105166,3097,14,0,8.220534798,13.88035798,3,119,80,80,67.22689076,0,-35.486
nuscenes,scene-0103_012,baseline,0,none,34688,34688,3023,8.714829336,3023,0,0,0,0,2,108,108,108,100,0,-35.362
nuscenes,scene-0103_012,yaw,-3,deg,34688,34688,3030,8.735009225,3023,177,0,76.23657974,93.44277453,2,108,87,108,80.55555556,19.44444444,-35.362
nuscenes,scene-0103_012,yaw,-2,deg,34688,34688,3028,8.729243542,3023,118,0,50.84711743,62.1157231,2,108,98,108,90.74074074,9.259259259,-35.362
nuscenes,scene-0103_012,yaw,-1,deg,34688,34688,3031,8.737892066,3023,55,0,25.41471494,31.08545226,2,108,108,108,100,0,-35.362
nuscenes,scene-0103_012,yaw,-0.5,deg,34688,34688,3023,8.714829336,3023,31,0,12.70605228,15.55451351,2,108,108,108,100,0,-35.362
nuscenes,scene-0103_012,yaw,0.5,deg,34688,34688,3016,8.694649446,3023,32,0,12.71244106,15.60456815,2,108,108,108,100,0,-35.362
nuscenes,scene-0103_012,yaw,1,deg,34688,34688,3020,8.706180812,3023,61,0,25.42696215,31.26185351,2,108,107,108,99.07407407,0.9259259259,-35.362
nuscenes,scene-0103_012,yaw,2,deg,34688,34688,3017,8.697532288,3023,124,0,50.88196657,62.95113258,2,108,101,108,93.51851852,6.481481481,-35.362
nuscenes,scene-0103_012,yaw,3,deg,34688,34688,3013,8.686000923,3023,184,0,76.33638639,95.14885414,2,108,93,108,86.11111111,13.88888889,-35.362
nuscenes,scene-0103_012,lateral,-0.1,m,34688,34688,3019,8.70329797,3023,20,0,9.786332409,26.36320572,2,108,108,108,100,0,-35.362
nuscenes,scene-0103_012,lateral,-0.05,m,34688,34688,3020,8.706180812,3023,11,0,4.892963241,13.18012729,2,108,108,108,100,0,-35.362
nuscenes,scene-0103_012,lateral,-0.02,m,34688,34688,3021,8.709063653,3023,5,0,1.957136588,5.271696843,2,108,108,108,100,0,-35.362
nuscenes,scene-0103_012,lateral,0.02,m,34688,34688,3022,8.711946494,3023,4,0,1.957071648,5.27122482,2,108,108,108,100,0,-35.362
nuscenes,scene-0103_012,lateral,0.05,m,34688,34688,3023,8.714829336,3023,10,0,4.892557364,13.17717714,2,108,108,108,100,0,-35.362
nuscenes,scene-0103_012,lateral,0.1,m,34688,34688,3028,8.729243542,3023,18,0,9.784708903,26.35140513,2,108,108,108,100,0,-35.362
nuscenes,scene-0103_012,pitch,-1,deg,34688,34688,3157,9.101130074,3023,1,0,23.21280416,27.07515769,2,108,101,108,93.51851852,6.481481481,-35.362
nuscenes,scene-0103_012,pitch,1,deg,34688,34688,2876,8.291051661,3023,148,0,23.33454758,27.46504472,2,108,99,108,91.66666667,8.333333333,-35.362
nuscenes,scene-0103_012,roll,-1,deg,34688,34688,3016,8.694649446,3023,23,0,8.187952614,13.96378975,2,108,103,108,95.37037037,4.62962963,-35.362
nuscenes,scene-0103_012,roll,1,deg,34688,34688,3028,8.729243542,3023,16,0,8.187243815,13.96606737,2,108,108,108,100,0,-35.362
nuscenes,scene-0103_013,baseline,0,none,34688,34688,3024,8.717712177,3024,0,0,0,0,2,160,160,160,100,0,-34.621
nuscenes,scene-0103_013,yaw,-3,deg,34688,34688,3050,8.792666052,3024,160,0,76.48404246,93.78502959,2,160,142,160,88.75,11.25,-34.621
nuscenes,scene-0103_013,yaw,-2,deg,34688,34688,3030,8.735009225,3024,114,0,50.98327473,62.3091802,2,160,153,160,95.625,4.375,-34.621
nuscenes,scene-0103_013,yaw,-1,deg,34688,34688,3028,8.729243542,3024,59,0,25.49429042,31.17380208,2,160,160,160,100,0,-34.621
nuscenes,scene-0103_013,yaw,-0.5,deg,34688,34688,3025,8.720595018,3024,33,0,12.74190705,15.59762299,2,160,160,160,100,0,-34.621
nuscenes,scene-0103_013,yaw,0.5,deg,34688,34688,3018,8.700415129,3024,30,0,12.74967747,15.66750168,2,160,160,160,100,0,-34.621
nuscenes,scene-0103_013,yaw,1,deg,34688,34688,3014,8.688883764,3024,65,0,25.49378625,31.42718992,2,160,160,160,100,0,-34.621
nuscenes,scene-0103_013,yaw,2,deg,34688,34688,3014,8.688883764,3024,127,0,51.04145757,63.29800259,2,160,155,160,96.875,3.125,-34.621
nuscenes,scene-0103_013,yaw,3,deg,34688,34688,3009,8.674469557,3024,190,0,76.58880602,95.69263377,2,160,147,160,91.875,8.125,-34.621
nuscenes,scene-0103_013,lateral,-0.1,m,34688,34688,3018,8.700415129,3024,25,0,10.65692986,26.31880294,2,160,160,160,100,0,-34.621
nuscenes,scene-0103_013,lateral,-0.05,m,34688,34688,3020,8.706180812,3024,14,0,5.32821927,13.15790353,2,160,160,160,100,0,-34.621
nuscenes,scene-0103_013,lateral,-0.02,m,34688,34688,3020,8.706180812,3024,8,0,2.131228753,5.262801974,2,160,160,160,100,0,-34.621
nuscenes,scene-0103_013,lateral,0.02,m,34688,34688,3022,8.711946494,3024,4,0,2.131150153,5.262322798,2,160,160,160,100,0,-34.621
nuscenes,scene-0103_013,lateral,0.05,m,34688,34688,3026,8.72347786,3024,7,0,5.327728015,13.15490868,2,160,160,160,100,0,-34.621
nuscenes,scene-0103_013,lateral,0.1,m,34688,34688,3029,8.732126384,3024,16,0,10.65496484,26.30682354,2,160,160,160,100,0,-34.621
nuscenes,scene-0103_013,pitch,-1,deg,34688,34688,3162,9.11554428,3024,1,0,23.29535729,27.234444,2,160,160,160,100,0,-34.621
nuscenes,scene-0103_013,pitch,1,deg,34688,34688,2877,8.293934502,3024,148,0,23.41505775,27.62457585,2,160,160,160,100,0,-34.621
nuscenes,scene-0103_013,roll,-1,deg,34688,34688,3019,8.70329797,3024,23,0,8.122707558,13.97671918,2,160,160,160,100,0,-34.621
nuscenes,scene-0103_013,roll,1,deg,34688,34688,3025,8.720595018,3024,20,0,8.122180575,13.97431446,2,160,160,160,100,0,-34.621
nuscenes,scene-0103_014,baseline,0,none,34720,34720,3013,8.677995392,3013,0,0,0,0,3,287,287,287,100,0,-34.495
nuscenes,scene-0103_014,yaw,-3,deg,34720,34720,3027,8.718317972,3013,177,0,76.74673849,94.21791588,3,287,264,287,91.98606272,8.013937282,-34.495
nuscenes,scene-0103_014,yaw,-2,deg,34720,34720,3020,8.698156682,3013,120,0,51.18774308,62.63911127,3,287,280,287,97.56097561,2.43902439,-34.495
nuscenes,scene-0103_014,yaw,-1,deg,34720,34720,3020,8.698156682,3013,56,0,25.60263898,31.31438704,3,287,286,287,99.65156794,0.3484320557,-34.495
nuscenes,scene-0103_014,yaw,-0.5,deg,34720,34720,3020,8.698156682,3013,25,0,12.80059464,15.68067396,3,287,287,287,100,0,-34.495
nuscenes,scene-0103_014,yaw,0.5,deg,34720,34720,3012,8.675115207,3013,32,0,12.79373017,15.74904772,3,287,287,287,100,0,-34.495
nuscenes,scene-0103_014,yaw,1,deg,34720,34720,3006,8.657834101,3013,63,0,25.61205361,31.57904826,3,287,282,287,98.25783972,1.742160279,-34.495
nuscenes,scene-0103_014,yaw,2,deg,34720,34720,2995,8.626152074,3013,121,0,51.27445366,63.54222865,3,287,267,287,93.03135889,6.968641115,-34.495
nuscenes,scene-0103_014,yaw,3,deg,34720,34720,2998,8.634792627,3013,170,0,76.96773208,96.10157998,3,287,252,287,87.80487805,12.19512195,-34.495
nuscenes,scene-0103_014,lateral,-0.1,m,34720,34720,3010,8.669354839,3013,22,0,10.77587267,26.47708757,3,287,287,287,100,0,-34.495
nuscenes,scene-0103_014,lateral,-0.05,m,34720,34720,3009,8.666474654,3013,12,0,5.387686397,13.23703697,3,287,287,287,100,0,-34.495
nuscenes,scene-0103_014,lateral,-0.02,m,34720,34720,3015,8.68375576,3013,2,0,2.155014579,5.294453221,3,287,287,287,100,0,-34.495
nuscenes,scene-0103_014,lateral,0.02,m,34720,34720,3015,8.68375576,3013,4,0,2.154934611,5.293971206,3,287,287,287,100,0,-34.495
nuscenes,scene-0103_014,lateral,0.05,m,34720,34720,3015,8.68375576,3013,10,0,5.387186596,13.23402438,3,287,287,287,100,0,-34.495
nuscenes,scene-0103_014,lateral,0.1,m,34720,34720,3016,8.686635945,3013,21,0,10.77387346,26.4650372,3,287,287,287,100,0,-34.495
nuscenes,scene-0103_014,pitch,-1,deg,34720,34720,3152,9.078341014,3013,2,0,23.41080323,27.47219282,3,287,287,287,100,0,-34.495
nuscenes,scene-0103_014,pitch,1,deg,34720,34720,2870,8.266129032,3013,146,0,23.5286607,27.86992135,3,287,254,287,88.50174216,11.49825784,-34.495
nuscenes,scene-0103_014,roll,-1,deg,34720,34720,3010,8.669354839,3013,21,0,8.06495572,13.95064748,3,287,282,287,98.25783972,1.742160279,-34.495
nuscenes,scene-0103_014,roll,1,deg,34720,34720,3021,8.701036866,3013,14,0,8.062370604,13.94227125,3,287,287,287,100,0,-34.495
nuscenes,scene-0103_015,baseline,0,none,34688,34688,2935,8.461139299,2935,0,0,0,0,3,368,342,342,92.93478261,0,-34.381
nuscenes,scene-0103_015,yaw,-3,deg,34688,34688,2967,8.553390221,2935,157,0,77.29117177,94.94730527,3,368,283,342,76.90217391,16.0326087,-34.381
nuscenes,scene-0103_015,yaw,-2,deg,34688,34688,2966,8.55050738,2935,96,0,51.53095773,63.05454665,3,368,311,342,84.51086957,8.423913043,-34.381
nuscenes,scene-0103_015,yaw,-1,deg,34688,34688,2941,8.478436347,2935,57,0,25.76709822,31.48387615,3,368,327,342,88.85869565,4.076086957,-34.381
nuscenes,scene-0103_015,yaw,-0.5,deg,34688,34688,2937,8.466904982,2935,30,0,12.888338,15.75985834,3,368,334,342,90.76086957,2.173913043,-34.381
nuscenes,scene-0103_015,yaw,0.5,deg,34688,34688,2941,8.478436347,2935,25,0,12.89139202,15.77981181,3,368,346,342,94.02173913,-1.086956522,-34.381
nuscenes,scene-0103_015,yaw,1,deg,34688,34688,2943,8.48420203,2935,55,0,25.79481383,31.63474428,3,368,354,342,96.19565217,-3.260869565,-34.381
nuscenes,scene-0103_015,yaw,2,deg,34688,34688,2943,8.48420203,2935,112,0,51.61779479,63.54909736,3,368,352,342,95.65217391,-2.717391304,-34.381
nuscenes,scene-0103_015,yaw,3,deg,34688,34688,2940,8.475553506,2935,174,0,77.51514112,96.01641182,3,368,342,342,92.93478261,0,-34.381
nuscenes,scene-0103_015,lateral,-0.1,m,34688,34688,2925,8.432310886,2935,27,0,11.46233786,26.39646129,3,368,334,342,90.76086957,2.173913043,-34.381
nuscenes,scene-0103_015,lateral,-0.05,m,34688,34688,2936,8.46402214,2935,11,0,5.730883973,13.19673117,3,368,339,342,92.11956522,0.8152173913,-34.381
nuscenes,scene-0103_015,lateral,-0.02,m,34688,34688,2939,8.472670664,2935,2,0,2.292285205,5.278332662,3,368,340,342,92.39130435,0.5434782609,-34.381
nuscenes,scene-0103_015,lateral,0.02,m,34688,34688,2938,8.469787823,2935,1,0,2.292194032,5.277852995,3,368,342,342,92.93478261,0,-34.381
nuscenes,scene-0103_015,lateral,0.05,m,34688,34688,2940,8.475553506,2935,7,0,5.730314144,13.19373326,3,368,344,342,93.47826087,-0.5434782609,-34.381
nuscenes,scene-0103_015,lateral,0.1,m,34688,34688,2946,8.492850554,2935,15,0,11.46005854,26.38446961,3,368,346,342,94.02173913,-1.086956522,-34.381
nuscenes,scene-0103_015,pitch,-1,deg,34688,34688,3074,8.861854244,2935,2,0,23.5462794,27.70323194,3,368,342,342,92.93478261,0,-34.381
nuscenes,scene-0103_015,pitch,1,deg,34688,34688,2791,8.046010148,2935,145,0,23.64247402,28.10120754,3,368,333,342,90.48913043,2.445652174,-34.381
nuscenes,scene-0103_015,roll,-1,deg,34688,34688,2932,8.452490775,2935,22,0,8.135271993,13.88795312,3,368,340,342,92.39130435,0.5434782609,-34.381
nuscenes,scene-0103_015,roll,1,deg,34688,34688,2944,8.487084871,2935,12,0,8.136364466,13.88238925,3,368,342,342,92.93478261,0,-34.381
nuscenes,scene-0103_016,baseline,0,none,34720,34720,2951,8.499423963,2951,0,0,0,0,2,389,306,306,78.66323907,0,-34.232
nuscenes,scene-0103_016,yaw,-3,deg,34720,34720,2975,8.568548387,2951,152,0,77.40534226,94.45307156,2,389,266,306,68.38046272,10.28277635,-34.232
nuscenes,scene-0103_016,yaw,-2,deg,34720,34720,2967,8.545506912,2951,98,0,51.66135742,62.91112248,2,389,278,306,71.46529563,7.197943445,-34.232
nuscenes,scene-0103_016,yaw,-1,deg,34720,34720,2965,8.539746544,2951,43,0,25.83047886,31.53660963,2,389,292,306,75.06426735,3.598971722,-34.232
nuscenes,scene-0103_016,yaw,-0.5,deg,34720,34720,2962,8.531105991,2951,17,0,12.91541101,15.78933083,2,389,299,306,76.86375321,1.799485861,-34.232
nuscenes,scene-0103_016,yaw,0.5,deg,34720,34720,2942,8.473502304,2951,31,0,12.92134491,15.85346352,2,389,313,306,80.46272494,-1.799485861,-34.232
nuscenes,scene-0103_016,yaw,1,deg,34720,34720,2940,8.467741935,2951,60,0,25.84149365,31.77970725,2,389,321,306,82.51928021,-3.856041131,-34.232
nuscenes,scene-0103_016,yaw,2,deg,34720,34720,2938,8.461981567,2951,121,0,51.70527432,63.87076873,2,389,326,306,83.80462725,-5.141388175,-34.232
nuscenes,scene-0103_016,yaw,3,deg,34720,34720,2935,8.453341014,2951,185,0,77.57464629,96.64662376,2,389,327,306,84.06169666,-5.398457584,-34.232
nuscenes,scene-0103_016,lateral,-0.1,m,34720,34720,2951,8.499423963,2951,19,0,11.5637886,25.85930454,2,389,299,306,76.86375321,1.799485861,-34.232
nuscenes,scene-0103_016,lateral,-0.05,m,34720,34720,2952,8.502304147,2951,9,0,5.781607526,12.92822374,2,389,303,306,77.89203085,0.7712082262,-34.232
nuscenes,scene-0103_016,lateral,-0.02,m,34720,34720,2951,8.499423963,2951,4,0,2.312574191,5.170946709,2,389,304,306,78.14910026,0.5141388175,-34.232
nuscenes,scene-0103_016,lateral,0.02,m,34720,34720,2953,8.505184332,2951,4,0,2.312482437,5.170489731,2,389,309,306,79.4344473,-0.7712082262,-34.232
nuscenes,scene-0103_016,lateral,0.05,m,34720,34720,2951,8.499423963,2951,9,0,5.781034068,12.92536762,2,389,310,306,79.69151671,-1.028277635,-34.232
nuscenes,scene-0103_016,lateral,0.1,m,34720,34720,2953,8.505184332,2951,17,0,11.56149476,25.84788008,2,389,315,306,80.97686375,-2.313624679,-34.232
nuscenes,scene-0103_016,pitch,-1,deg,34720,34720,3094,8.911290323,2951,2,0,23.50722268,27.70651857,2,389,302,306,77.63496144,1.028277635,-34.232
nuscenes,scene-0103_016,pitch,1,deg,34720,34720,2803,8.073156682,2951,148,0,23.63896511,28.10337681,2,389,299,306,76.86375321,1.799485861,-34.232
nuscenes,scene-0103_016,roll,-1,deg,34720,34720,2943,8.476382488,2951,23,0,8.183305906,13.96228776,2,389,305,306,78.40616967,0.2570694087,-34.232
nuscenes,scene-0103_016,roll,1,deg,34720,34720,2959,8.522465438,2951,14,0,8.182078191,13.95405209,2,389,308,306,79.17737789,-0.5141388175,-34.232
nuscenes,scene-0103_017,baseline,0,none,34720,34720,2940,8.467741935,2940,0,0,0,0,3,419,280,280,66.82577566,0,-34.33
nuscenes,scene-0103_017,yaw,-3,deg,34720,34720,2950,8.496543779,2940,165,0,77.37038421,94.61062081,3,419,225,280,53.69928401,13.12649165,-34.33
nuscenes,scene-0103_017,yaw,-2,deg,34720,34720,2942,8.473502304,2940,113,0,51.61409147,63.06252173,3,419,243,280,57.99522673,8.830548926,-34.33
nuscenes,scene-0103_017,yaw,-1,deg,34720,34720,2949,8.493663594,2940,51,0,25.82722955,31.58273899,3,419,263,280,62.76849642,4.057279236,-34.33
nuscenes,scene-0103_017,yaw,-0.5,deg,34720,34720,2951,8.499423963,2940,24,0,12.91542823,15.80940893,3,419,269,280,64.20047733,2.625298329,-34.33
nuscenes,scene-0103_017,yaw,0.5,deg,34720,34720,2946,8.485023041,2940,28,0,12.91629477,15.86714084,3,419,288,280,68.73508353,-1.909307876,-34.33
nuscenes,scene-0103_017,yaw,1,deg,34720,34720,2928,8.433179724,2940,61,0,25.83603891,31.78157887,3,419,293,280,69.92840095,-3.102625298,-34.33
nuscenes,scene-0103_017,yaw,2,deg,34720,34720,2904,8.3640553,2940,121,0,51.70559865,63.76666323,3,419,294,280,70.16706444,-3.341288783,-34.33
nuscenes,scene-0103_017,yaw,3,deg,34720,34720,2902,8.358294931,2940,184,0,77.54716143,96.43004275,3,419,299,280,71.36038186,-4.534606205,-34.33
nuscenes,scene-0103_017,lateral,-0.1,m,34720,34720,2940,8.467741935,2940,20,0,10.94708466,25.64217553,3,419,269,280,64.20047733,2.625298329,-34.33
nuscenes,scene-0103_017,lateral,-0.05,m,34720,34720,2942,8.473502304,2940,9,0,5.473280366,12.81964789,3,419,274,280,65.39379475,1.431980907,-34.33
nuscenes,scene-0103_017,lateral,-0.02,m,34720,34720,2941,8.47062212,2940,4,0,2.18924928,5.127513651,3,419,278,280,66.34844869,0.477326969,-34.33
nuscenes,scene-0103_017,lateral,0.02,m,34720,34720,2941,8.47062212,2940,2,0,2.189165464,5.127053048,3,419,283,280,67.54176611,-0.7159904535,-34.33
nuscenes,scene-0103_017,lateral,0.05,m,34720,34720,2942,8.473502304,2940,9,0,5.472756514,12.81676913,3,419,285,280,68.01909308,-1.193317422,-34.33
nuscenes,scene-0103_017,lateral,0.1,m,34720,34720,2943,8.476382488,2940,18,0,10.94498925,25.63066045,3,419,290,280,69.2124105,-2.386634845,-34.33
nuscenes,scene-0103_017,pitch,-1,deg,34720,34720,3081,8.873847926,2940,0,0,23.45130179,27.69729181,3,419,259,280,61.81384248,5.011933174,-34.33
nuscenes,scene-0103_017,pitch,1,deg,34720,34720,2796,8.052995392,2940,146,0,23.57827213,28.0784626,3,419,256,280,61.09785203,5.727923628,-34.33
nuscenes,scene-0103_017,roll,-1,deg,34720,34720,2938,8.461981567,2940,23,0,8.250659977,13.9312945,3,419,280,280,66.82577566,0,-34.33
nuscenes,scene-0103_017,roll,1,deg,34720,34720,2953,8.505184332,2940,11,0,8.249580879,13.92384466,3,419,283,280,67.54176611,-0.7159904535,-34.33
nuscenes,scene-0103_018,baseline,0,none,34784,34784,2938,8.446412144,2938,0,0,0,0,4,604,315,315,52.15231788,0,-34.775
nuscenes,scene-0103_018,yaw,-3,deg,34784,34784,2965,8.524034039,2938,155,0,77.20171308,94.62571494,4,604,236,315,39.07284768,13.0794702,-34.775
nuscenes,scene-0103_018,yaw,-2,deg,34784,34784,2960,8.509659614,2938,102,0,51.46764524,62.97109009,4,604,265,315,43.87417219,8.278145695,-34.775
nuscenes,scene-0103_018,yaw,-1,deg,34784,34784,2949,8.478035879,2938,51,0,25.74828054,31.54661886,4,604,292,315,48.34437086,3.80794702,-34.775
nuscenes,scene-0103_018,yaw,-0.5,deg,34784,34784,2939,8.449287029,2938,28,0,12.87928466,15.80534748,4,604,302,315,50,2.152317881,-34.775
nuscenes,scene-0103_018,yaw,0.5,deg,34784,34784,2925,8.409038638,2938,34,0,12.88094547,15.870887,4,604,324,315,53.64238411,-1.490066225,-34.775
nuscenes,scene-0103_018,yaw,1,deg,34784,34784,2933,8.432037718,2938,62,0,25.75916276,31.79901192,4,604,336,315,55.62913907,-3.476821192,-34.775
nuscenes,scene-0103_018,yaw,2,deg,34784,34784,2924,8.406163753,2938,125,0,51.55820831,63.92513601,4,604,339,315,56.12582781,-3.973509934,-34.775
nuscenes,scene-0103_018,yaw,3,deg,34784,34784,2898,8.331416743,2938,187,0,77.39287431,96.55382147,4,604,338,315,55.9602649,-3.80794702,-34.775
nuscenes,scene-0103_018,lateral,-0.1,m,34784,34784,2932,8.429162833,2938,23,0,10.35458991,25.58558669,4,604,301,315,49.83443709,2.317880795,-34.775
nuscenes,scene-0103_018,lateral,-0.05,m,34784,34784,2935,8.437787489,2938,10,0,5.177064483,12.79138951,4,604,309,315,51.1589404,0.9933774834,-34.775
nuscenes,scene-0103_018,lateral,-0.02,m,34784,34784,2932,8.429162833,2938,7,0,2.070770484,5.116218941,4,604,311,315,51.49006623,0.6622516556,-34.775
nuscenes,scene-0103_018,lateral,0.02,m,34784,34784,2936,8.440662374,2938,3,0,2.070696743,5.115769861,4,604,316,315,52.31788079,-0.1655629139,-34.775
nuscenes,scene-0103_018,lateral,0.05,m,34784,34784,2938,8.446412144,2938,10,0,5.176603603,12.78858276,4,604,322,315,53.31125828,-1.158940397,-34.775
nuscenes,scene-0103_018,lateral,0.1,m,34784,34784,2940,8.452161914,2938,19,0,10.35274639,25.57435969,4,604,330,315,54.63576159,-2.483443709,-34.775
nuscenes,scene-0103_018,pitch,-1,deg,34784,34784,3075,8.840271389,2938,2,0,23.41530933,27.67613874,4,604,298,315,49.33774834,2.814569536,-34.775
nuscenes,scene-0103_018,pitch,1,deg,34784,34784,2787,8.012304508,2938,151,0,23.54426917,28.05632654,4,604,303,315,50.16556291,1.986754967,-34.775
nuscenes,scene-0103_018,roll,-1,deg,34784,34784,2929,8.420538178,2938,25,0,8.216076314,13.9676396,4,604,312,315,51.65562914,0.4966887417,-34.775
nuscenes,scene-0103_018,roll,1,deg,34784,34784,2942,8.457911684,2938,14,0,8.215983455,13.96539148,4,604,315,315,52.15231788,0,-34.775
nuscenes,scene-0103_019,baseline,0,none,34784,34784,2958,8.503909844,2958,0,0,0,0,4,676,235,235,34.76331361,0,-35.184
nuscenes,scene-0103_019,yaw,-3,deg,34784,34784,2994,8.607405704,2958,145,0,76.86459846,94.2031244,4,676,174,235,25.73964497,9.023668639,-35.184
nuscenes,scene-0103_019,yaw,-2,deg,34784,34784,2982,8.572907084,2958,97,0,51.25443465,62.68322903,4,676,202,235,29.8816568,4.881656805,-35.184
nuscenes,scene-0103_019,yaw,-1,deg,34784,34784,2966,8.526908924,2958,50,0,25.62911159,31.44493326,4,676,219,235,32.3964497,2.366863905,-35.184
nuscenes,scene-0103_019,yaw,-0.5,deg,34784,34784,2955,8.495285189,2958,32,0,12.81779057,15.76345308,4,676,225,235,33.28402367,1.479289941,-35.184
nuscenes,scene-0103_019,yaw,0.5,deg,34784,34784,2949,8.478035879,2958,31,0,12.81417605,15.84263142,4,676,247,235,36.53846154,-1.775147929,-35.184
nuscenes,scene-0103_019,yaw,1,deg,34784,34784,2946,8.469411224,2958,62,0,25.63819712,31.78507543,4,676,253,235,37.4260355,-2.662721893,-35.184
nuscenes,scene-0103_019,yaw,2,deg,34784,34784,2942,8.457911684,2958,125,0,51.3383593,63.84532197,4,676,261,235,38.60946746,-3.846153846,-35.184
nuscenes,scene-0103_019,yaw,3,deg,34784,34784,2933,8.432037718,2958,183,0,77.04482794,96.33328017,4,676,272,235,40.23668639,-5.473372781,-35.184
nuscenes,scene-0103_019,lateral,-0.1,m,34784,34784,2949,8.478035879,2958,26,0,9.555758668,25.30231382,4,676,226,235,33.43195266,1.331360947,-35.184
nuscenes,scene-0103_019,lateral,-0.05,m,34784,34784,2954,8.492410304,2958,13,0,4.777684344,12.64978141,4,676,230,235,34.02366864,0.7396449704,-35.184
nuscenes,scene-0103_019,lateral,-0.02,m,34784,34784,2952,8.486660534,2958,11,0,1.911026943,5.059582501,4,676,232,235,34.31952663,0.4437869822,-35.184
nuscenes,scene-0103_019,lateral,0.02,m,34784,34784,2958,8.503909844,2958,3,0,1.910964554,5.059142484,4,676,239,235,35.35502959,-0.5917159763,-35.184
nuscenes,scene-0103_019,lateral,0.05,m,34784,34784,2959,8.506784729,2958,8,0,4.777294411,12.6470313,4,676,240,235,35.50295858,-0.7396449704,-35.184
nuscenes,scene-0103_019,lateral,0.1,m,34784,34784,2957,8.501034959,2958,19,0,9.554198937,25.2913134,4,676,248,235,36.68639053,-1.923076923,-35.184
nuscenes,scene-0103_019,pitch,-1,deg,34784,34784,3099,8.909268629,2958,1,0,23.34986783,27.60425723,4,676,216,235,31.95266272,2.810650888,-35.184
nuscenes,scene-0103_019,pitch,1,deg,34784,34784,2807,8.069802208,2958,152,0,23.47404201,27.98596138,4,676,219,235,32.3964497,2.366863905,-35.184
nuscenes,scene-0103_019,roll,-1,deg,34784,34784,2948,8.475160994,2958,26,0,8.094564192,13.95562452,4,676,232,235,34.31952663,0.4437869822,-35.184
nuscenes,scene-0103_019,roll,1,deg,34784,34784,2960,8.509659614,2958,16,0,8.096834525,13.9555512,4,676,237,235,35.0591716,-0.2958579882,-35.184
nuscenes,scene-0103_020,baseline,0,none,34752,34752,2990,8.603821363,2990,0,0,0,0,3,805,198,198,24.59627329,0,-35.616
nuscenes,scene-0103_020,yaw,-3,deg,34752,34752,3019,8.687269797,2990,156,0,76.78118456,93.65204445,3,805,146,198,18.13664596,6.459627329,-35.616
nuscenes,scene-0103_020,yaw,-2,deg,34752,34752,3009,8.658494475,2990,104,0,51.16791238,62.46863512,3,805,166,198,20.62111801,3.97515528,-35.616
nuscenes,scene-0103_020,yaw,-1,deg,34752,34752,3002,8.63835175,2990,49,0,25.58847305,31.34702476,3,805,184,198,22.85714286,1.739130435,-35.616
nuscenes,scene-0103_020,yaw,-0.5,deg,34752,34752,3001,8.635474217,2990,21,0,12.79369512,15.70966756,3,805,192,198,23.85093168,0.7453416149,-35.616
nuscenes,scene-0103_020,yaw,0.5,deg,34752,34752,2982,8.580801105,2990,28,0,12.79508113,15.79840554,3,805,206,198,25.59006211,-0.9937888199,-35.616
nuscenes,scene-0103_020,yaw,1,deg,34752,34752,2973,8.554903315,2990,61,0,25.60036544,31.67276583,3,805,210,198,26.08695652,-1.49068323,-35.616
nuscenes,scene-0103_020,yaw,2,deg,34752,34752,2965,8.531883057,2990,124,0,51.19616892,63.68448537,3,805,214,198,26.58385093,-1.98757764,-35.616
nuscenes,scene-0103_020,yaw,3,deg,34752,34752,2960,8.517495396,2990,181,0,76.80184018,96.18297665,3,805,206,198,25.59006211,-0.9937888199,-35.616
nuscenes,scene-0103_020,lateral,-0.1,m,34752,34752,2994,8.615331492,2990,17,0,9.562390348,25.20623361,3,805,190,198,23.60248447,0.9937888199,-35.616
nuscenes,scene-0103_020,lateral,-0.05,m,34752,34752,2993,8.612453959,2990,8,0,4.781003661,12.60178095,3,805,193,198,23.97515528,0.6211180124,-35.616
nuscenes,scene-0103_020,lateral,-0.02,m,34752,34752,2993,8.612453959,2990,3,0,1.912355504,5.040391826,3,805,197,198,24.47204969,0.1242236025,-35.616
nuscenes,scene-0103_020,lateral,0.02,m,34752,34752,2994,8.615331492,2990,0,0,1.912294227,5.039964487,3,805,201,198,24.9689441,-0.3726708075,-35.616
nuscenes,scene-0103_020,lateral,0.05,m,34752,34752,2994,8.615331492,2990,5,0,4.78062068,12.59911007,3,805,202,198,25.0931677,-0.4968944099,-35.616
nuscenes,scene-0103_020,lateral,0.1,m,34752,34752,2992,8.609576427,2990,16,0,9.560858425,25.19555012,3,805,206,198,25.59006211,-0.9937888199,-35.616
nuscenes,scene-0103_020,pitch,-1,deg,34752,34752,3137,9.0268186,2990,0,0,23.31963282,27.49463422,3,805,186,198,23.10559006,1.49068323,-35.616
nuscenes,scene-0103_020,pitch,1,deg,34752,34752,2844,8.183701657,2990,147,0,23.43531917,27.87746762,3,805,176,198,21.86335404,2.732919255,-35.616
nuscenes,scene-0103_020,roll,-1,deg,34752,34752,2986,8.592311234,2990,22,0,8.090856175,13.92567429,3,805,195,198,24.22360248,0.3726708075,-35.616
nuscenes,scene-0103_020,roll,1,deg,34752,34752,2998,8.626841621,2990,12,0,8.090018637,13.93100506,3,805,201,198,24.9689441,-0.3726708075,-35.616
nuscenes,scene-0103_021,baseline,0,none,34752,34752,2996,8.621086556,2996,0,0,0,0,3,1061,182,182,17.15362865,0,-35.818
nuscenes,scene-0103_021,yaw,-3,deg,34752,34752,3009,8.658494475,2996,170,0,76.78266836,93.93946704,3,1061,150,182,14.13760603,3.01602262,-35.818
nuscenes,scene-0103_021,yaw,-2,deg,34752,34752,3008,8.655616943,2996,111,0,51.14845306,62.40318025,3,1061,164,182,15.45711593,1.696512724,-35.818
nuscenes,scene-0103_021,yaw,-1,deg,34752,34752,3003,8.641229282,2996,54,0,25.58175489,31.22507939,3,1061,174,182,16.399623,0.754005655,-35.818
nuscenes,scene-0103_021,yaw,-0.5,deg,34752,34752,3002,8.63835175,2996,24,0,12.7886709,15.63272723,3,1061,178,182,16.77662582,0.3770028275,-35.818
nuscenes,scene-0103_021,yaw,0.5,deg,34752,34752,2999,8.629719153,2996,28,0,12.79734941,15.71589591,3,1061,188,182,17.71913289,-0.5655042413,-35.818
nuscenes,scene-0103_021,yaw,1,deg,34752,34752,2987,8.595188766,2996,61,0,25.60048678,31.55414125,3,1061,189,182,17.8133836,-0.6597549482,-35.818
nuscenes,scene-0103_021,yaw,2,deg,34752,34752,2971,8.54914825,2996,124,0,51.22448662,63.63698776,3,1061,192,182,18.09613572,-0.9425070688,-35.818
nuscenes,scene-0103_021,yaw,3,deg,34752,34752,2960,8.517495396,2996,185,0,76.82251121,96.16334021,3,1061,187,182,17.62488219,-0.4712535344,-35.818
nuscenes,scene-0103_021,lateral,-0.1,m,34752,34752,3001,8.635474217,2996,12,0,9.833351384,25.12160467,3,1061,178,182,16.77662582,0.3770028275,-35.818
nuscenes,scene-0103_021,lateral,-0.05,m,34752,34752,2996,8.621086556,2996,8,0,4.916469669,12.55945143,3,1061,179,182,16.87087653,0.2827521206,-35.818
nuscenes,scene-0103_021,lateral,-0.02,m,34752,34752,2997,8.623964088,2996,2,0,1.966538425,5.023456411,3,1061,182,182,17.15362865,0,-35.818
nuscenes,scene-0103_021,lateral,0.02,m,34752,34752,3001,8.635474217,2996,2,0,1.966472506,5.023024261,3,1061,185,182,17.43638077,-0.2827521206,-35.818
nuscenes,scene-0103_021,lateral,0.05,m,34752,34752,2999,8.629719153,2996,8,0,4.916057675,12.55675049,3,1061,186,182,17.53063148,-0.3770028275,-35.818
nuscenes,scene-0103_021,lateral,0.1,m,34752,34752,2998,8.626841621,2996,18,0,9.831703407,25.11080092,3,1061,189,182,17.8133836,-0.6597549482,-35.818
nuscenes,scene-0103_021,pitch,-1,deg,34752,34752,3140,9.035451197,2996,1,0,23.34081372,27.44756497,3,1061,174,182,16.399623,0.754005655,-35.818
nuscenes,scene-0103_021,pitch,1,deg,34752,34752,2849,8.198089319,2996,148,0,23.45146072,27.83046884,3,1061,161,182,15.17436381,1.979264844,-35.818
nuscenes,scene-0103_021,roll,-1,deg,34752,34752,2993,8.612453959,2996,22,0,8.105954071,13.90347142,3,1061,182,182,17.15362865,0,-35.818
nuscenes,scene-0103_021,roll,1,deg,34752,34752,3007,8.652739411,2996,11,0,8.10510254,13.89599395,3,1061,185,182,17.43638077,-0.2827521206,-35.818
nuscenes,scene-0103_022,baseline,0,none,34752,34752,2943,8.468577348,2943,0,0,0,0,1,179,163,163,91.06145251,0,-37.76
nuscenes,scene-0103_022,yaw,-3,deg,34752,34752,2982,8.580801105,2943,138,0,76.65919481,93.47668104,1,179,172,163,96.08938547,-5.027932961,-37.76
nuscenes,scene-0103_022,yaw,-2,deg,34752,34752,2979,8.572168508,2943,83,0,51.09241737,62.2914746,1,179,176,163,98.32402235,-7.262569832,-37.76
nuscenes,scene-0103_022,yaw,-1,deg,34752,34752,2963,8.526127993,2943,37,0,25.55056927,31.25309631,1,179,172,163,96.08938547,-5.027932961,-37.76
nuscenes,scene-0103_022,yaw,-0.5,deg,34752,34752,2954,8.500230203,2943,15,0,12.77100227,15.65624288,1,179,168,163,93.8547486,-2.793296089,-37.76
nuscenes,scene-0103_022,yaw,0.5,deg,34752,34752,2935,8.44555709,2943,26,0,12.77514906,15.73358257,1,179,159,163,88.82681564,2.234636872,-37.76
nuscenes,scene-0103_022,yaw,1,deg,34752,34752,2927,8.422536832,2943,55,0,25.54825683,31.55013813,1,179,156,163,87.15083799,3.910614525,-37.76
nuscenes,scene-0103_022,yaw,2,deg,34752,34752,2928,8.425414365,2943,111,0,51.13289492,63.46280214,1,179,148,163,82.68156425,8.379888268,-37.76
nuscenes,scene-0103_022,yaw,3,deg,34752,34752,2942,8.465699816,2943,163,0,76.66103495,95.94775949,1,179,139,163,77.65363128,13.40782123,-37.76
nuscenes,scene-0103_022,lateral,-0.1,m,34752,34752,2944,8.47145488,2943,17,0,10.44455801,25.04843508,1,179,167,163,93.29608939,-2.234636872,-37.76
nuscenes,scene-0103_022,lateral,-0.05,m,34752,34752,2944,8.47145488,2943,7,0,5.222039163,12.52283738,1,179,165,163,92.17877095,-1.117318436,-37.76
nuscenes,scene-0103_022,lateral,-0.02,m,34752,34752,2943,8.468577348,2943,3,0,2.088758107,5.008803772,1,179,164,163,91.62011173,-0.5586592179,-37.76
nuscenes,scene-0103_022,lateral,0.02,m,34752,34752,2944,8.47145488,2943,4,0,2.088681368,5.008362267,1,179,162,163,90.5027933,0.5586592179,-37.76
nuscenes,scene-0103_022,lateral,0.05,m,34752,34752,2940,8.459944751,2943,10,0,5.221559545,12.52007797,1,179,161,163,89.94413408,1.117318436,-37.76
nuscenes,scene-0103_022,lateral,0.1,m,34752,34752,2943,8.468577348,2943,15,0,10.44263954,25.03739745,1,179,160,163,89.38547486,1.675977654,-37.76
nuscenes,scene-0103_022,pitch,-1,deg,34752,34752,3088,8.885819521,2943,0,0,23.37929982,27.32216351,1,179,164,163,91.62011173,-0.5586592179,-37.76
nuscenes,scene-0103_022,pitch,1,deg,34752,34752,2792,8.034069982,2943,152,0,23.48210256,27.69422952,1,179,162,163,90.5027933,0.5586592179,-37.76
nuscenes,scene-0103_022,roll,-1,deg,34752,34752,2936,8.448434622,2943,22,0,8.106273659,13.89500835,1,179,164,163,91.62011173,-0.5586592179,-37.76
nuscenes,scene-0103_022,roll,1,deg,34752,34752,2950,8.488720074,2943,15,0,8.10396783,13.88985183,1,179,162,163,90.5027933,0.5586592179,-37.76
nuscenes,scene-0103_023,baseline,0,none,34720,34720,2992,8.617511521,2992,0,0,0,0,1,279,181,181,64.87455197,0,-36.132
nuscenes,scene-0103_023,yaw,-3,deg,34720,34720,2985,8.59735023,2992,165,0,76.94791906,93.81512919,1,279,207,181,74.19354839,-9.318996416,-36.132
nuscenes,scene-0103_023,yaw,-2,deg,34720,34720,2986,8.600230415,2992,109,0,51.24634056,62.49474612,1,279,202,181,72.40143369,-7.52688172,-36.132
nuscenes,scene-0103_023,yaw,-1,deg,34720,34720,2988,8.605990783,2992,58,0,25.6090997,31.31004415,1,279,196,181,70.25089606,-5.376344086,-36.132
nuscenes,scene-0103_023,yaw,-0.5,deg,34720,34720,2988,8.605990783,2992,31,0,12.80140848,15.67724001,1,279,188,181,67.38351254,-2.508960573,-36.132
nuscenes,scene-0103_023,yaw,0.5,deg,34720,34720,2985,8.59735023,2992,30,0,12.79053534,15.74109842,1,279,171,181,61.29032258,3.584229391,-36.132
nuscenes,scene-0103_023,yaw,1,deg,34720,34720,2988,8.605990783,2992,58,0,25.59308664,31.60515932,1,279,164,181,58.78136201,6.093189964,-36.132
nuscenes,scene-0103_023,yaw,2,deg,34720,34720,2987,8.603110599,2992,115,0,51.16689381,63.59899785,1,279,145,181,51.97132616,12.90322581,-36.132
nuscenes,scene-0103_023,yaw,3,deg,34720,34720,2979,8.580069124,2992,172,0,76.80311723,96.21896559,1,279,127,181,45.51971326,19.35483871,-36.132
nuscenes,scene-0103_023,lateral,-0.1,m,34720,34720,2990,8.611751152,2992,20,0,10.18960515,24.96215885,1,279,187,181,67.02508961,-2.150537634,-36.132
nuscenes,scene-0103_023,lateral,-0.05,m,34720,34720,2993,8.620391705,2992,9,0,5.094585282,12.47977072,1,279,184,181,65.94982079,-1.075268817,-36.132
nuscenes,scene-0103_023,lateral,-0.02,m,34720,34720,2990,8.611751152,2992,6,0,2.037781966,4.991594249,1,279,181,181,64.87455197,0,-36.132
nuscenes,scene-0103_023,lateral,0.02,m,34720,34720,2987,8.603110599,2992,7,0,2.037712441,4.991175594,1,279,179,181,64.15770609,0.7168458781,-36.132
nuscenes,scene-0103_023,lateral,0.05,m,34720,34720,2986,8.600230415,2992,14,0,5.09415075,12.47715412,1,279,175,181,62.72401434,2.150537634,-36.132
nuscenes,scene-0103_023,lateral,0.1,m,34720,34720,2985,8.59735023,2992,23,0,10.18786702,24.95169248,1,279,172,181,61.64874552,3.225806452,-36.132
nuscenes,scene-0103_023,pitch,-1,deg,34720,34720,3128,9.00921659,2992,4,0,23.35938025,27.30150598,1,279,181,181,64.87455197,0,-36.132
nuscenes,scene-0103_023,pitch,1,deg,34720,34720,2842,8.185483871,2992,151,0,23.45428075,27.69529118,1,279,179,181,64.15770609,0.7168458781,-36.132
nuscenes,scene-0103_023,roll,-1,deg,34720,34720,2980,8.582949309,2992,27,0,8.204048224,13.88831045,1,279,181,181,64.87455197,0,-36.132
nuscenes,scene-0103_023,roll,1,deg,34720,34720,2995,8.626152074,2992,17,0,8.20400642,13.89430506,1,279,179,181,64.15770609,0.7168458781,-36.132
nuscenes,scene-0103_024,baseline,0,none,34688,34688,2952,8.510147601,2952,0,0,0,0,1,391,110,110,28.13299233,0,-35.993
nuscenes,scene-0103_024,yaw,-3,deg,34688,34688,2954,8.515913284,2952,169,0,76.65173856,93.77899447,1,391,145,110,37.08439898,-8.95140665,-35.993
nuscenes,scene-0103_024,yaw,-2,deg,34688,34688,2956,8.521678967,2952,111,0,51.09936899,62.42631535,1,391,142,110,36.31713555,-8.184143223,-35.993
nuscenes,scene-0103_024,yaw,-1,deg,34688,34688,2956,8.521678967,2952,55,0,25.53788019,31.25007812,1,391,130,110,33.24808184,-5.115089514,-35.993
nuscenes,scene-0103_024,yaw,-0.5,deg,34688,34688,2954,8.515913284,2952,27,0,12.76250685,15.65384448,1,391,120,110,30.69053708,-2.557544757,-35.993
nuscenes,scene-0103_024,yaw,0.5,deg,34688,34688,2950,8.504381919,2952,30,0,12.75673244,15.70619479,1,391,100,110,25.57544757,2.557544757,-35.993
nuscenes,scene-0103_024,yaw,1,deg,34688,34688,2952,8.510147601,2952,56,0,25.51577803,31.47082831,1,391,92,110,23.52941176,4.603580563,-35.993
nuscenes,scene-0103_024,yaw,2,deg,34688,34688,2958,8.527444649,2952,109,0,51.00265519,63.30458875,1,391,77,110,19.69309463,8.439897698,-35.993
nuscenes,scene-0103_024,yaw,3,deg,34688,34688,2956,8.521678967,2952,164,0,76.47994499,95.73443531,1,391,62,110,15.85677749,12.27621483,-35.993
nuscenes,scene-0103_024,lateral,-0.1,m,34688,34688,2956,8.521678967,2952,16,0,9.769810948,24.9236734,1,391,119,110,30.43478261,-2.301790281,-35.993
nuscenes,scene-0103_024,lateral,-0.05,m,34688,34688,2959,8.530327491,2952,6,0,4.884701774,12.46050385,1,391,116,110,29.66751918,-1.534526854,-35.993
nuscenes,scene-0103_024,lateral,-0.02,m,34688,34688,2950,8.504381919,2952,5,0,1.953831825,4.983881709,1,391,111,110,28.3887468,-0.2557544757,-35.993
nuscenes,scene-0103_024,lateral,0.02,m,34688,34688,2951,8.50726476,2952,5,0,1.953766649,4.983455333,1,391,108,110,27.62148338,0.5115089514,-35.993
nuscenes,scene-0103_024,lateral,0.05,m,34688,34688,2949,8.501499077,2952,13,0,4.884294425,12.457839,1,391,104,110,26.59846547,1.534526854,-35.993
nuscenes,scene-0103_024,lateral,0.1,m,34688,34688,2947,8.495733395,2952,25,0,9.768181552,24.913014,1,391,99,110,25.31969309,2.813299233,-35.993
nuscenes,scene-0103_024,pitch,-1,deg,34688,34688,3092,8.913745387,2952,1,0,23.30313578,27.23728472,1,391,111,110,28.3887468,-0.2557544757,-35.993
nuscenes,scene-0103_024,pitch,1,deg,34688,34688,2803,8.080604244,2952,151,0,23.40530282,27.60860792,1,391,107,110,27.3657289,0.7672634271,-35.993
nuscenes,scene-0103_024,roll,-1,deg,34688,34688,2946,8.492850554,2952,23,0,8.152787601,13.88241489,1,391,111,110,28.3887468,-0.2557544757,-35.993
nuscenes,scene-0103_024,roll,1,deg,34688,34688,2961,8.536093173,2952,15,0,8.153696846,13.87424557,1,391,108,110,27.62148338,0.5115089514,-35.993
nuscenes,scene-0103_025,baseline,0,none,34688,34688,2941,8.478436347,2941,0,0,0,0,3,679,46,46,6.77466863,0,-35.329
nuscenes,scene-0103_025,yaw,-3,deg,34688,34688,2940,8.475553506,2941,167,0,76.57666105,93.45987076,3,679,73,46,10.75110457,-3.976435935,-35.329
nuscenes,scene-0103_025,yaw,-2,deg,34688,34688,2933,8.455373616,2941,116,0,51.01531704,62.11741703,3,679,67,46,9.867452135,-3.092783505,-35.329
nuscenes,scene-0103_025,yaw,-1,deg,34688,34688,2931,8.449607934,2941,62,0,25.48225232,31.07246215,3,679,62,46,9.13107511,-2.35640648,-35.329
nuscenes,scene-0103_025,yaw,-0.5,deg,34688,34688,2944,8.487084871,2941,28,0,12.74496055,15.53364464,3,679,55,46,8.100147275,-1.325478645,-35.329
nuscenes,scene-0103_025,yaw,0.5,deg,34688,34688,2956,8.521678967,2941,15,0,12.73728944,15.57525775,3,679,42,46,6.18556701,0.58910162,-35.329
nuscenes,scene-0103_025,yaw,1,deg,34688,34688,2954,8.515913284,2941,43,0,25.47686662,31.21316812,3,679,35,46,5.154639175,1.620029455,-35.329
nuscenes,scene-0103_025,yaw,2,deg,34688,34688,2945,8.489967712,2941,102,0,50.96817929,62.7738338,3,679,24,46,3.53460972,3.24005891,-35.329
nuscenes,scene-0103_025,yaw,3,deg,34688,34688,2945,8.489967712,2941,160,0,76.43637054,94.82673174,3,679,21,46,3.092783505,3.681885125,-35.329
nuscenes,scene-0103_025,lateral,-0.1,m,34688,34688,2939,8.472670664,2941,20,0,9.578499766,24.95087956,3,679,53,46,7.805596465,-1.030927835,-35.329
nuscenes,scene-0103_025,lateral,-0.05,m,34688,34688,2940,8.475553506,2941,9,0,4.789052273,12.47409569,3,679,49,46,7.216494845,-0.441826215,-35.329
nuscenes,scene-0103_025,lateral,-0.02,m,34688,34688,2943,8.48420203,2941,3,0,1.915573486,4.989315751,3,679,49,46,7.216494845,-0.441826215,-35.329
nuscenes,scene-0103_025,lateral,0.02,m,34688,34688,2941,8.478436347,2941,4,0,1.915510259,4.988885782,3,679,45,46,6.627393225,0.147275405,-35.329
nuscenes,scene-0103_025,lateral,0.05,m,34688,34688,2942,8.481319188,2941,7,0,4.788657102,12.47140838,3,679,44,46,6.48011782,0.29455081,-35.329
nuscenes,scene-0103_025,lateral,0.1,m,34688,34688,2947,8.495733395,2941,11,0,9.576919082,24.94013033,3,679,42,46,6.18556701,0.58910162,-35.329
nuscenes,scene-0103_025,pitch,-1,deg,34688,34688,3083,8.887799815,2941,1,0,23.21714651,27.15364748,3,679,44,46,6.48011782,0.29455081,-35.329
nuscenes,scene-0103_025,pitch,1,deg,34688,34688,2793,8.05177583,2941,148,0,23.30204283,27.52429692,3,679,33,46,4.860088365,1.914580265,-35.329
nuscenes,scene-0103_025,roll,-1,deg,34688,34688,2938,8.469787823,2941,22,0,8.154018048,13.82200264,3,679,48,46,7.06921944,-0.29455081,-35.329
nuscenes,scene-0103_025,roll,1,deg,34688,34688,2948,8.498616236,2941,15,0,8.152236806,13.81391896,3,679,45,46,6.627393225,0.147275405,-35.329
nuscenes,scene-0103_026,baseline,0,none,34688,34688,2882,8.308348708,2882,0,0,0,0,2,61,52,52,85.24590164,0,-35.202
nuscenes,scene-0103_026,yaw,-3,deg,34688,34688,2887,8.322762915,2882,168,0,76.37029626,93.44917917,2,61,39,52,63.93442623,21.31147541,-35.202
nuscenes,scene-0103_026,yaw,-2,deg,34688,34688,2892,8.337177122,2882,105,0,50.89718159,62.20094345,2,61,48,52,78.68852459,6.557377049,-35.202
nuscenes,scene-0103_026,yaw,-1,deg,34688,34688,2884,8.314114391,2882,57,0,25.45182424,31.16178675,2,61,54,52,88.52459016,-3.278688525,-35.202
nuscenes,scene-0103_026,yaw,-0.5,deg,34688,34688,2884,8.314114391,2882,27,0,12.72574535,15.60412526,2,61,52,52,85.24590164,0,-35.202
nuscenes,scene-0103_026,yaw,0.5,deg,34688,34688,2888,8.325645756,2882,26,0,12.72753958,15.63907632,2,61,50,52,81.96721311,3.278688525,-35.202
nuscenes,scene-0103_026,yaw,1,deg,34688,34688,2887,8.322762915,2882,52,0,25.44880381,31.36803877,2,61,48,52,78.68852459,6.557377049,-35.202
nuscenes,scene-0103_026,yaw,2,deg,34688,34688,2886,8.319880074,2882,111,0,50.88247762,63.14289046,2,61,36,52,59.01639344,26.2295082,-35.202
nuscenes,scene-0103_026,yaw,3,deg,34688,34688,2882,8.308348708,2882,164,0,76.32932295,95.47417022,2,61,25,52,40.98360656,44.26229508,-35.202
nuscenes,scene-0103_026,lateral,-0.1,m,34688,34688,2883,8.31123155,2882,18,0,9.62434898,25.06042588,2,61,53,52,86.8852459,-1.639344262,-35.202
nuscenes,scene-0103_026,lateral,-0.05,m,34688,34688,2879,8.299700185,2882,12,0,4.811970001,12.5288323,2,61,52,52,85.24590164,0,-35.202
nuscenes,scene-0103_026,lateral,-0.02,m,34688,34688,2880,8.302583026,2882,5,0,1.924738926,5.011201627,2,61,52,52,85.24590164,0,-35.202
nuscenes,scene-0103_026,lateral,0.02,m,34688,34688,2883,8.31123155,2882,4,0,1.924673498,5.010759969,2,61,51,52,83.60655738,1.639344262,-35.202
nuscenes,scene-0103_026,lateral,0.05,m,34688,34688,2884,8.314114391,2882,8,0,4.811561075,12.52607194,2,61,51,52,83.60655738,1.639344262,-35.202
nuscenes,scene-0103_026,lateral,0.1,m,34688,34688,2888,8.325645756,2882,14,0,9.622713277,25.04938444,2,61,51,52,83.60655738,1.639344262,-35.202
nuscenes,scene-0103_026,pitch,-1,deg,34688,34688,3023,8.714829336,2882,0,0,23.23349064,27.14845341,2,61,50,52,81.96721311,3.278688525,-35.202
nuscenes,scene-0103_026,pitch,1,deg,34688,34688,2736,7.887453875,2882,149,0,23.32871415,27.51983709,2,61,33,52,54.09836066,31.14754098,-35.202
nuscenes,scene-0103_026,roll,-1,deg,34688,34688,2882,8.308348708,2882,19,0,8.167117713,13.92660818,2,61,52,52,85.24590164,0,-35.202
nuscenes,scene-0103_026,roll,1,deg,34688,34688,2894,8.342942804,2882,13,0,8.166737481,13.92293002,2,61,52,52,85.24590164,0,-35.202
nuscenes,scene-0103_027,baseline,0,none,34752,34752,2840,8.172191529,2840,0,0,0,0,2,90,41,41,45.55555556,0,-35.086
nuscenes,scene-0103_027,yaw,-3,deg,34752,34752,2821,8.117518416,2840,167,0,76.33496099,93.07894368,2,90,34,41,37.77777778,7.777777778,-35.086
nuscenes,scene-0103_027,yaw,-2,deg,34752,34752,2826,8.131906077,2840,108,0,50.85860114,62.0434826,2,90,37,41,41.11111111,4.444444444,-35.086
nuscenes,scene-0103_027,yaw,-1,deg,34752,34752,2838,8.166436464,2840,48,0,25.42374758,31.04203981,2,90,38,41,42.22222222,3.333333333,-35.086
nuscenes,scene-0103_027,yaw,-0.5,deg,34752,34752,2835,8.157803867,2840,25,0,12.70809284,15.52231124,2,90,40,41,44.44444444,1.111111111,-35.086
nuscenes,scene-0103_027,yaw,0.5,deg,34752,34752,2830,8.143416206,2840,27,0,12.71304798,15.56730257,2,90,41,41,45.55555556,0,-35.086
nuscenes,scene-0103_027,yaw,1,deg,34752,34752,2839,8.169313996,2840,45,0,25.42086378,31.20801614,2,90,39,41,43.33333333,2.222222222,-35.086
nuscenes,scene-0103_027,yaw,2,deg,34752,34752,2863,8.23837477,2840,92,0,50.84388907,62.74875574,2,90,32,41,35.55555556,10,-35.086
nuscenes,scene-0103_027,yaw,3,deg,34752,34752,2873,8.267150092,2840,136,0,76.27220666,94.64877795,2,90,25,41,27.77777778,17.77777778,-35.086
nuscenes,scene-0103_027,lateral,-0.1,m,34752,34752,2838,8.166436464,2840,17,0,9.677660364,25.39329338,2,90,41,41,45.55555556,0,-35.086
nuscenes,scene-0103_027,lateral,-0.05,m,34752,34752,2839,8.169313996,2840,8,0,4.838621704,12.69520087,2,90,41,41,45.55555556,0,-35.086
nuscenes,scene-0103_027,lateral,-0.02,m,34752,34752,2839,8.169313996,2840,3,0,1.93539865,5.077733417,2,90,41,41,45.55555556,0,-35.086
nuscenes,scene-0103_027,lateral,0.02,m,34752,34752,2838,8.166436464,2840,4,0,1.935331946,5.077270914,2,90,41,41,45.55555556,0,-35.086
nuscenes,scene-0103_027,lateral,0.05,m,34752,34752,2838,8.166436464,2840,8,0,4.838204801,12.69231023,2,90,41,41,45.55555556,0,-35.086
nuscenes,scene-0103_027,lateral,0.1,m,34752,34752,2837,8.163558932,2840,17,0,9.675992754,25.3817308,2,90,41,41,45.55555556,0,-35.086
nuscenes,scene-0103_027,pitch,-1,deg,34752,34752,2977,8.566413444,2840,0,0,23.26231842,27.06895353,2,90,41,41,45.55555556,0,-35.086
nuscenes,scene-0103_027,pitch,1,deg,34752,34752,2693,7.749194291,2840,148,0,23.33940512,27.43801328,2,90,28,41,31.11111111,14.44444444,-35.086
nuscenes,scene-0103_027,roll,-1,deg,34752,34752,2829,8.140538674,2840,24,0,8.15597582,13.79353079,2,90,41,41,45.55555556,0,-35.086
nuscenes,scene-0103_027,roll,1,deg,34752,34752,2845,8.18657919,2840,15,0,8.155990823,13.7851322,2,90,41,41,45.55555556,0,-35.086
nuscenes,scene-0103_028,baseline,0,none,34720,34720,2791,8.03859447,2791,0,0,0,0,2,170,30,30,17.64705882,0,-34.646
nuscenes,scene-0103_028,yaw,-3,deg,34720,34720,2779,8.004032258,2791,163,0,76.04920742,93.43314547,2,170,25,30,14.70588235,2.941176471,-34.646
nuscenes,scene-0103_028,yaw,-2,deg,34720,34720,2786,8.024193548,2791,109,0,50.63781683,62.14344121,2,170,33,30,19.41176471,-1.764705882,-34.646
nuscenes,scene-0103_028,yaw,-1,deg,34720,34720,2783,8.015552995,2791,59,0,25.32307833,31.00551527,2,170,32,30,18.82352941,-1.176470588,-34.646
nuscenes,scene-0103_028,yaw,-0.5,deg,34720,34720,2792,8.041474654,2791,26,0,12.65500583,15.52108495,2,170,32,30,18.82352941,-1.176470588,-34.646
nuscenes,scene-0103_028,yaw,0.5,deg,34720,34720,2796,8.052995392,2791,26,0,12.65650344,15.56416731,2,170,27,30,15.88235294,1.764705882,-34.646
nuscenes,scene-0103_028,yaw,1,deg,34720,34720,2802,8.070276498,2791,48,0,25.31761158,31.17511588,2,170,25,30,14.70588235,2.941176471,-34.646
nuscenes,scene-0103_028,yaw,2,deg,34720,34720,2807,8.084677419,2791,90,0,50.64362221,62.61754449,2,170,21,30,12.35294118,5.294117647,-34.646
nuscenes,scene-0103_028,yaw,3,deg,34720,34720,2819,8.119239631,2791,137,0,75.97404261,94.56184872,2,170,15,30,8.823529412,8.823529412,-34.646
nuscenes,scene-0103_028,lateral,-0.1,m,34720,34720,2783,8.015552995,2791,22,0,9.357352055,24.90088812,2,170,31,30,18.23529412,-0.5882352941,-34.646
nuscenes,scene-0103_028,lateral,-0.05,m,34720,34720,2787,8.027073733,2791,10,0,4.678483118,12.44906566,2,170,30,30,17.64705882,0,-34.646
nuscenes,scene-0103_028,lateral,-0.02,m,34720,34720,2792,8.041474654,2791,2,0,1.871346952,4.979295507,2,170,30,30,17.64705882,0,-34.646
nuscenes,scene-0103_028,lateral,0.02,m,34720,34720,2788,8.029953917,2791,5,0,1.871285229,4.978854566,2,170,30,30,17.64705882,0,-34.646
nuscenes,scene-0103_028,lateral,0.05,m,34720,34720,2791,8.03859447,2791,10,0,4.678097347,12.44630978,2,170,29,30,17.05882353,0.5882352941,-34.646
nuscenes,scene-0103_028,lateral,0.1,m,34720,34720,2795,8.050115207,2791,18,0,9.35580897,24.88986459,2,170,29,30,17.05882353,0.5882352941,-34.646
nuscenes,scene-0103_028,pitch,-1,deg,34720,34720,2926,8.427419355,2791,4,0,23.25475716,26.97279485,2,170,30,30,17.64705882,0,-34.646
nuscenes,scene-0103_028,pitch,1,deg,34720,34720,2649,7.629608295,2791,145,0,23.33008718,27.34013568,2,170,19,30,11.17647059,6.470588235,-34.646
nuscenes,scene-0103_028,roll,-1,deg,34720,34720,2783,8.015552995,2791,26,0,8.093605091,13.84591459,2,170,30,30,17.64705882,0,-34.646
nuscenes,scene-0103_028,roll,1,deg,34720,34720,2797,8.055875576,2791,17,0,8.094251065,13.84474256,2,170,30,30,17.64705882,0,-34.646
nuscenes,scene-0103_029,baseline,0,none,34720,34720,2785,8.021313364,2785,0,0,0,0,1,41,41,41,100,0,-34.833
nuscenes,scene-0103_029,yaw,-3,deg,34720,34720,2760,7.949308756,2785,158,0,76.066387,93.17719432,1,41,24,41,58.53658537,41.46341463,-34.833
nuscenes,scene-0103_029,yaw,-2,deg,34720,34720,2768,7.97235023,2785,108,0,50.68430048,61.972474,1,41,30,41,73.17073171,26.82926829,-34.833
nuscenes,scene-0103_029,yaw,-1,deg,34720,34720,2774,7.989631336,2785,54,0,25.34410873,30.9758523,1,41,38,41,92.68292683,7.317073171,-34.833
nuscenes,scene-0103_029,yaw,-0.5,deg,34720,34720,2784,8.01843318,2785,25,0,12.66232821,15.46575592,1,41,41,41,100,0,-34.833
nuscenes,scene-0103_029,yaw,0.5,deg,34720,34720,2793,8.044354839,2785,21,0,12.66149353,15.5149837,1,41,41,41,100,0,-34.833
nuscenes,scene-0103_029,yaw,1,deg,34720,34720,2799,8.061635945,2785,41,0,25.31689966,31.10958018,1,41,39,41,95.12195122,4.87804878,-34.833
nuscenes,scene-0103_029,yaw,2,deg,34720,34720,2805,8.078917051,2785,90,0,50.62937443,62.48371432,1,41,33,41,80.48780488,19.51219512,-34.833
nuscenes,scene-0103_029,yaw,3,deg,34720,34720,2814,8.10483871,2785,138,0,75.90521175,94.5063969,1,41,26,41,63.41463415,36.58536585,-34.833
nuscenes,scene-0103_029,lateral,-0.1,m,34720,34720,2780,8.006912442,2785,20,0,9.050604995,24.63614801,1,41,41,41,100,0,-34.833
nuscenes,scene-0103_029,lateral,-0.05,m,34720,34720,2784,8.01843318,2785,10,0,4.525126068,12.3167657,1,41,41,41,100,0,-34.833
nuscenes,scene-0103_029,lateral,-0.02,m,34720,34720,2786,8.024193548,2785,1,0,1.810008087,4.926392339,1,41,41,41,100,0,-34.833
nuscenes,scene-0103_029,lateral,0.02,m,34720,34720,2791,8.03859447,2785,2,0,1.809951636,4.925973814,1,41,41,41,100,0,-34.833
nuscenes,scene-0103_029,lateral,0.05,m,34720,34720,2790,8.035714286,2785,6,0,4.524773251,12.31414992,1,41,41,41,100,0,-34.833
nuscenes,scene-0103_029,lateral,0.1,m,34720,34720,2789,8.032834101,2785,13,0,9.049193726,24.62568489,1,41,41,41,100,0,-34.833
nuscenes,scene-0103_029,pitch,-1,deg,34720,34720,2921,8.413018433,2785,3,0,23.26133676,26.87177126,1,41,37,41,90.24390244,9.756097561,-34.833
nuscenes,scene-0103_029,pitch,1,deg,34720,34720,2645,7.618087558,2785,142,0,23.30848823,27.23563804,1,41,36,41,87.80487805,12.19512195,-34.833
nuscenes,scene-0103_029,roll,-1,deg,34720,34720,2783,8.015552995,2785,20,0,8.156772347,13.79107854,1,41,41,41,100,0,-34.833
nuscenes,scene-0103_029,roll,1,deg,34720,34720,2793,8.044354839,2785,14,0,8.154468125,13.78657647,1,41,41,41,100,0,-34.833
nuscenes,scene-0103_030,baseline,0,none,34688,34688,2826,8.146909594,2826,0,0,0,0,3,116,116,116,100,0,-34.73
nuscenes,scene-0103_030,yaw,-3,deg,34688,34688,2804,8.083487085,2826,157,0,75.99855765,93.19031383,3,116,86,116,74.13793103,25.86206897,-34.73
nuscenes,scene-0103_030,yaw,-2,deg,34688,34688,2815,8.115198339,2826,104,0,50.66030505,62.08818906,3,116,103,116,88.79310345,11.20689655,-34.73
nuscenes,scene-0103_030,yaw,-1,deg,34688,34688,2817,8.120964022,2826,52,0,25.31409057,31.00535151,3,116,113,116,97.4137931,2.586206897,-34.73
nuscenes,scene-0103_030,yaw,-0.5,deg,34688,34688,2820,8.129612546,2826,26,0,12.66278284,15.49949581,3,116,116,116,100,0,-34.73
nuscenes,scene-0103_030,yaw,0.5,deg,34688,34688,2826,8.146909594,2826,22,0,12.6555796,15.53845832,3,116,115,116,99.13793103,0.8620689655,-34.73
nuscenes,scene-0103_030,yaw,1,deg,34688,34688,2833,8.167089483,2826,43,0,25.31590179,31.12869198,3,116,109,116,93.96551724,6.034482759,-34.73
nuscenes,scene-0103_030,yaw,2,deg,34688,34688,2838,8.18150369,2826,88,0,50.64294269,62.52420704,3,116,97,116,83.62068966,16.37931034,-34.73
nuscenes,scene-0103_030,yaw,3,deg,34688,34688,2841,8.190152214,2826,137,0,76.00678262,94.43572889,3,116,81,116,69.82758621,30.17241379,-34.73
nuscenes,scene-0103_030,lateral,-0.1,m,34688,34688,2816,8.118081181,2826,23,0,9.695417889,25.12374991,3,116,116,116,100,0,-34.73
nuscenes,scene-0103_030,lateral,-0.05,m,34688,34688,2823,8.13826107,2826,11,0,4.847500019,12.56046617,3,116,116,116,100,0,-34.73
nuscenes,scene-0103_030,lateral,-0.02,m,34688,34688,2821,8.132495387,2826,8,0,1.938949869,5.023848423,3,116,116,116,100,0,-34.73
nuscenes,scene-0103_030,lateral,0.02,m,34688,34688,2822,8.135378229,2826,4,0,1.938883021,5.023397766,3,116,116,116,100,0,-34.73
nuscenes,scene-0103_030,lateral,0.05,m,34688,34688,2828,8.152675277,2826,8,0,4.847082222,12.55764956,3,116,116,116,100,0,-34.73
nuscenes,scene-0103_030,lateral,0.1,m,34688,34688,2827,8.149792435,2826,17,0,9.6937467,25.11248346,3,116,116,116,100,0,-34.73
nuscenes,scene-0103_030,pitch,-1,deg,34688,34688,2960,8.533210332,2826,0,0,23.22464197,26.90990265,3,116,94,116,81.03448276,18.96551724,-34.73
nuscenes,scene-0103_030,pitch,1,deg,34688,34688,2676,7.714483395,2826,150,0,23.29338051,27.27539113,3,116,111,116,95.68965517,4.310344828,-34.73
nuscenes,scene-0103_030,roll,-1,deg,34688,34688,2817,8.120964022,2826,27,0,8.13852626,13.78245884,3,116,116,116,100,0,-34.73
nuscenes,scene-0103_030,roll,1,deg,34688,34688,2832,8.164206642,2826,13,0,8.135791432,13.77602316,3,116,116,116,100,0,-34.73
nuscenes,scene-0103_031,baseline,0,none,34688,34688,2820,8.129612546,2820,0,0,0,0,2,187,180,180,96.25668449,0,-34.589
nuscenes,scene-0103_031,yaw,-3,deg,34688,34688,2811,8.103666974,2820,156,0,76.02835598,93.11193949,2,187,139,180,74.3315508,21.92513369,-34.589
nuscenes,scene-0103_031,yaw,-2,deg,34688,34688,2809,8.097901292,2820,111,0,50.6426944,61.94256311,2,187,153,180,81.81818182,14.43850267,-34.589
nuscenes,scene-0103_031,yaw,-1,deg,34688,34688,2816,8.118081181,2820,52,0,25.32003524,30.9854093,2,187,168,180,89.83957219,6.417112299,-34.589
nuscenes,scene-0103_031,yaw,-0.5,deg,34688,34688,2822,8.135378229,2820,25,0,12.65752651,15.48920473,2,187,172,180,91.97860963,4.278074866,-34.589
nuscenes,scene-0103_031,yaw,0.5,deg,34688,34688,2829,8.155558118,2820,21,0,12.65955079,15.51193492,2,187,184,180,98.39572193,-2.139037433,-34.589
nuscenes,scene-0103_031,yaw,1,deg,34688,34688,2832,8.164206642,2820,44,0,25.31147203,31.06499654,2,187,184,180,98.39572193,-2.139037433,-34.589
nuscenes,scene-0103_031,yaw,2,deg,34688,34688,2833,8.167089483,2820,92,0,50.6095407,62.3875852,2,187,172,180,91.97860963,4.278074866,-34.589
nuscenes,scene-0103_031,yaw,3,deg,34688,34688,2837,8.178620849,2820,141,0,75.88365129,94.33330949,2,187,155,180,82.88770053,13.36898396,-34.589
nuscenes,scene-0103_031,lateral,-0.1,m,34688,34688,2818,8.123846863,2820,20,0,10.56370953,24.94941737,2,187,174,180,93.04812834,3.20855615,-34.589
nuscenes,scene-0103_031,lateral,-0.05,m,34688,34688,2818,8.123846863,2820,13,0,5.281602771,12.47330442,2,187,176,180,94.11764706,2.139037433,-34.589
nuscenes,scene-0103_031,lateral,-0.02,m,34688,34688,2821,8.132495387,2820,1,0,2.112580634,4.988984806,2,187,178,180,95.18716578,1.069518717,-34.589
nuscenes,scene-0103_031,lateral,0.02,m,34688,34688,2823,8.13826107,2820,2,0,2.112500007,4.988535594,2,187,180,180,96.25668449,0,-34.589
nuscenes,scene-0103_031,lateral,0.05,m,34688,34688,2823,8.13826107,2820,7,0,5.281098853,12.47049684,2,187,181,180,96.79144385,-0.5347593583,-34.589
nuscenes,scene-0103_031,lateral,0.1,m,34688,34688,2828,8.152675277,2820,14,0,10.56169386,24.93818706,2,187,184,180,98.39572193,-2.139037433,-34.589
nuscenes,scene-0103_031,pitch,-1,deg,34688,34688,2957,8.524561808,2820,1,0,23.29274911,26.83537637,2,187,166,180,88.77005348,7.486631016,-34.589
nuscenes,scene-0103_031,pitch,1,deg,34688,34688,2681,7.728897601,2820,140,0,23.32502003,27.19900008,2,187,178,180,95.18716578,1.069518717,-34.589
nuscenes,scene-0103_031,roll,-1,deg,34688,34688,2819,8.126729705,2820,18,0,8.165397837,13.7644606,2,187,171,180,91.44385027,4.812834225,-34.589
nuscenes,scene-0103_031,roll,1,deg,34688,34688,2828,8.152675277,2820,15,0,8.163630831,13.7605624,2,187,180,180,96.25668449,0,-34.589
nuscenes,scene-0103_032,baseline,0,none,34752,34752,2837,8.163558932,2837,0,0,0,0,5,442,200,200,45.24886878,0,-34.462
nuscenes,scene-0103_032,yaw,-3,deg,34752,34752,2843,8.180824125,2837,140,0,75.96786115,92.93967125,5,442,161,200,36.42533937,8.823529412,-34.462
nuscenes,scene-0103_032,yaw,-2,deg,34752,34752,2839,8.169313996,2837,97,0,50.63686748,61.82212767,5,442,175,200,39.59276018,5.656108597,-34.462
nuscenes,scene-0103_032,yaw,-1,deg,34752,34752,2843,8.180824125,2837,44,0,25.33108416,30.95134268,5,442,191,200,43.21266968,2.036199095,-34.462
nuscenes,scene-0103_032,yaw,-0.5,deg,34752,34752,2847,8.192334254,2837,16,0,12.66920838,15.47393391,5,442,197,200,44.57013575,0.6787330317,-34.462
nuscenes,scene-0103_032,yaw,0.5,deg,34752,34752,2839,8.169313996,2837,25,0,12.6676637,15.53726838,5,442,208,200,47.05882353,-1.809954751,-34.462
nuscenes,scene-0103_032,yaw,1,deg,34752,34752,2831,8.146293738,2837,53,0,25.34840703,31.15836553,5,442,210,200,47.51131222,-2.262443439,-34.462
nuscenes,scene-0103_032,yaw,2,deg,34752,34752,2823,8.123273481,2837,110,0,50.68544169,62.59903607,5,442,206,200,46.60633484,-1.357466063,-34.462
nuscenes,scene-0103_032,yaw,3,deg,34752,34752,2821,8.117518416,2837,160,0,76.03457578,94.73871254,5,442,199,200,45.02262443,0.2262443439,-34.462
nuscenes,scene-0103_032,lateral,-0.1,m,34752,34752,2840,8.172191529,2837,14,0,10.24524743,24.84572282,5,442,197,200,44.57013575,0.6787330317,-34.462
nuscenes,scene-0103_032,lateral,-0.05,m,34752,34752,2840,8.172191529,2837,7,0,5.122395244,12.42151543,5,442,198,200,44.79638009,0.4524886878,-34.462
nuscenes,scene-0103_032,lateral,-0.02,m,34752,34752,2842,8.177946593,2837,1,0,2.048903268,4.968283193,5,442,200,200,45.24886878,0,-34.462
nuscenes,scene-0103_032,lateral,0.02,m,34752,34752,2842,8.177946593,2837,3,0,2.048830167,4.96785262,5,442,202,200,45.70135747,-0.4524886878,-34.462
nuscenes,scene-0103_032,lateral,0.05,m,34752,34752,2840,8.172191529,2837,7,0,5.121938363,12.41882435,5,442,205,200,46.3800905,-1.131221719,-34.462
nuscenes,scene-0103_032,lateral,0.1,m,34752,34752,2844,8.183701657,2837,14,0,10.24341991,24.83495849,5,442,209,200,47.28506787,-2.036199095,-34.462
nuscenes,scene-0103_032,pitch,-1,deg,34752,34752,2981,8.577923573,2837,0,0,23.16921783,26.74286986,5,442,191,200,43.21266968,2.036199095,-34.462
nuscenes,scene-0103_032,pitch,1,deg,34752,34752,2699,7.766459484,2837,141,0,23.23122528,27.10567057,5,442,188,200,42.53393665,2.714932127,-34.462
nuscenes,scene-0103_032,roll,-1,deg,34752,34752,2836,8.1606814,2837,19,0,8.19500044,13.90587882,5,442,200,200,45.24886878,0,-34.462
nuscenes,scene-0103_032,roll,1,deg,34752,34752,2848,8.195211786,2837,15,0,8.197567865,13.89754293,5,442,201,200,45.47511312,-0.2262443439,-34.462
nuscenes,scene-0103_033,baseline,0,none,34784,34784,2853,8.202046918,2853,0,0,0,0,5,438,240,240,54.79452055,0,-34.855
nuscenes,scene-0103_033,yaw,-3,deg,34784,34784,2856,8.210671573,2853,153,0,75.83840876,93.13936123,5,438,180,240,41.09589041,13.69863014,-34.855
nuscenes,scene-0103_033,yaw,-2,deg,34784,34784,2855,8.207796688,2853,105,0,50.54873901,62.07734567,5,438,211,240,48.17351598,6.621004566,-34.855
nuscenes,scene-0103_033,yaw,-1,deg,34784,34784,2857,8.213546458,2853,51,0,25.2918967,31.02633971,5,438,230,240,52.51141553,2.283105023,-34.855
nuscenes,scene-0103_033,yaw,-0.5,deg,34784,34784,2854,8.204921803,2853,26,0,12.64846653,15.52681207,5,438,238,240,54.33789954,0.4566210046,-34.855
nuscenes,scene-0103_033,yaw,0.5,deg,34784,34784,2846,8.181922723,2853,29,0,12.65905094,15.56690975,5,438,240,240,54.79452055,0,-34.855
nuscenes,scene-0103_033,yaw,1,deg,34784,34784,2850,8.193422263,2853,55,0,25.32226424,31.2190059,5,438,239,240,54.56621005,0.2283105023,-34.855
nuscenes,scene-0103_033,yaw,2,deg,34784,34784,2844,8.176172953,2853,112,0,50.68497271,62.79825007,5,438,226,240,51.59817352,3.196347032,-34.855
nuscenes,scene-0103_033,yaw,3,deg,34784,34784,2840,8.164673413,2853,166,0,76.06561408,94.90135135,5,438,209,240,47.71689498,7.077625571,-34.855
nuscenes,scene-0103_033,lateral,-0.1,m,34784,34784,2849,8.190547378,2853,19,0,10.66353798,25.26644397,5,438,237,240,54.10958904,0.6849315068,-34.855
nuscenes,scene-0103_033,lateral,-0.05,m,34784,34784,2855,8.207796688,2853,8,0,5.33152975,12.63187975,5,438,238,240,54.33789954,0.4566210046,-34.855
nuscenes,scene-0103_033,lateral,-0.02,m,34784,34784,2853,8.202046918,2853,4,0,2.132554487,5.052429816,5,438,239,240,54.56621005,0.2283105023,-34.855
nuscenes,scene-0103_033,lateral,0.02,m,34784,34784,2849,8.190547378,2853,5,0,2.132477941,5.052000436,5,438,239,240,54.56621005,0.2283105023,-34.855
nuscenes,scene-0103_033,lateral,0.05,m,34784,34784,2853,8.202046918,2853,11,0,5.331051337,12.62919612,5,438,240,240,54.79452055,0,-34.855
nuscenes,scene-0103_033,lateral,0.1,m,34784,34784,2854,8.204921803,2853,20,0,10.66162432,25.25570948,5,438,241,240,55.02283105,-0.2283105023,-34.855
nuscenes,scene-0103_033,pitch,-1,deg,34784,34784,2987,8.587281509,2853,0,0,23.22935266,26.7177951,5,438,230,240,52.51141553,2.283105023,-34.855
nuscenes,scene-0103_033,pitch,1,deg,34784,34784,2706,7.779438822,2853,147,0,23.29406283,27.07970233,5,438,228,240,52.05479452,2.739726027,-34.855
nuscenes,scene-0103_033,roll,-1,deg,34784,34784,2845,8.179047838,2853,26,0,8.244097657,13.92611757,5,438,241,240,55.02283105,-0.2283105023,-34.855
nuscenes,scene-0103_033,roll,1,deg,34784,34784,2857,8.213546458,2853,14,0,8.246990545,13.92221551,5,438,237,240,54.10958904,0.6849315068,-34.855
nuscenes,scene-0103_034,baseline,0,none,34688,34688,2844,8.198800738,2844,0,0,0,0,4,1047,227,227,21.68099331,0,-35.341
nuscenes,scene-0103_034,yaw,-3,deg,34688,34688,2865,8.259340406,2844,155,0,76.16683527,93.01629136,4,1047,169,227,16.14135626,5.539637058,-35.341
nuscenes,scene-0103_034,yaw,-2,deg,34688,34688,2858,8.239160517,2844,100,0,50.75311995,61.9497755,4,1047,191,227,18.2425979,3.438395415,-35.341
nuscenes,scene-0103_034,yaw,-1,deg,34688,34688,2856,8.233394834,2844,47,0,25.36979604,30.95773446,4,1047,215,227,20.53486151,1.146131805,-35.341
nuscenes,scene-0103_034,yaw,-0.5,deg,34688,34688,2848,8.210332103,2844,23,0,12.6791323,15.47661787,4,1047,225,227,21.48997135,0.1910219675,-35.341
nuscenes,scene-0103_034,yaw,0.5,deg,34688,34688,2836,8.175738007,2844,30,0,12.66932522,15.52617077,4,1047,235,227,22.44508118,-0.7640878701,-35.341
nuscenes,scene-0103_034,yaw,1,deg,34688,34688,2836,8.175738007,2844,56,0,25.33452823,31.15478991,4,1047,242,227,23.11365807,-1.432664756,-35.341
nuscenes,scene-0103_034,yaw,2,deg,34688,34688,2830,8.158440959,2844,114,0,50.68344302,62.75716763,4,1047,245,227,23.40019102,-1.719197708,-35.341
nuscenes,scene-0103_034,yaw,3,deg,34688,34688,2824,8.141143911,2844,169,0,76.05134066,94.86959074,4,1047,228,227,21.7765043,-0.09551098376,-35.341
nuscenes,scene-0103_034,lateral,-0.1,m,34688,34688,2844,8.198800738,2844,20,0,10.34105938,25.16537725,4,1047,225,227,21.48997135,0.1910219675,-35.341
nuscenes,scene-0103_034,lateral,-0.05,m,34688,34688,2844,8.198800738,2844,8,0,5.170305035,12.58136184,4,1047,227,227,21.68099331,0,-35.341
nuscenes,scene-0103_034,lateral,-0.02,m,34688,34688,2840,8.187269373,2844,6,0,2.0680681,5.03222636,4,1047,227,227,21.68099331,0,-35.341
nuscenes,scene-0103_034,lateral,0.02,m,34688,34688,2848,8.210332103,2844,2,0,2.067996219,5.031801922,4,1047,229,227,21.87201528,-0.1910219675,-35.341
nuscenes,scene-0103_034,lateral,0.05,m,34688,34688,2847,8.207449262,2844,9,0,5.16985578,12.5787091,4,1047,232,227,22.15854823,-0.4775549188,-35.341
nuscenes,scene-0103_034,lateral,0.1,m,34688,34688,2848,8.210332103,2844,18,0,10.33926236,25.15476631,4,1047,236,227,22.54059217,-0.8595988539,-35.341
nuscenes,scene-0103_034,pitch,-1,deg,34688,34688,2976,8.579335793,2844,2,0,23.20141365,26.65587673,4,1047,213,227,20.34383954,1.337153773,-35.341
nuscenes,scene-0103_034,pitch,1,deg,34688,34688,2700,7.783671587,2844,146,0,23.24791023,27.01799937,4,1047,198,227,18.91117479,2.769818529,-35.341
nuscenes,scene-0103_034,roll,-1,deg,34688,34688,2838,8.18150369,2844,25,0,8.299277208,13.94177622,4,1047,227,227,21.68099331,0,-35.341
nuscenes,scene-0103_034,roll,1,deg,34688,34688,2852,8.221863469,2844,14,0,8.301997157,13.93685223,4,1047,229,227,21.87201528,-0.1910219675,-35.341
nuscenes,scene-0103_035,baseline,0,none,34720,34720,2809,8.090437788,2809,0,0,0,0,4,786,248,248,31.55216285,0,-35.302
nuscenes,scene-0103_035,yaw,-3,deg,34720,34720,2854,8.220046083,2809,136,0,76.14963565,92.95342959,4,786,194,248,24.68193384,6.870229008,-35.302
nuscenes,scene-0103_035,yaw,-2,deg,34720,34720,2840,8.179723502,2809,90,0,50.77621503,61.94915993,4,786,209,248,26.59033079,4.961832061,-35.302
nuscenes,scene-0103_035,yaw,-1,deg,34720,34720,2823,8.130760369,2809,48,0,25.37428517,31.02609678,4,786,232,248,29.51653944,2.03562341,-35.302
nuscenes,scene-0103_035,yaw,-0.5,deg,34720,34720,2810,8.093317972,2809,31,0,12.68309142,15.53120751,4,786,239,248,30.40712468,1.145038168,-35.302
nuscenes,scene-0103_035,yaw,0.5,deg,34720,34720,2795,8.050115207,2809,29,0,12.66995955,15.58407476,4,786,252,248,32.0610687,-0.5089058524,-35.302
nuscenes,scene-0103_035,yaw,1,deg,34720,34720,2785,8.021313364,2809,58,0,25.32946358,31.22383471,4,786,255,248,32.44274809,-0.8905852417,-35.302
nuscenes,scene-0103_035,yaw,2,deg,34720,34720,2781,8.009792627,2809,112,0,50.64993229,62.75782664,4,786,250,248,31.80661578,-0.2544529262,-35.302
nuscenes,scene-0103_035,yaw,3,deg,34720,34720,2776,7.995391705,2809,170,0,75.92364726,94.89367011,4,786,226,248,28.75318066,2.798982188,-35.302
nuscenes,scene-0103_035,lateral,-0.1,m,34720,34720,2807,8.084677419,2809,23,0,10.89636899,25.29061673,4,786,240,248,30.53435115,1.017811705,-35.302
nuscenes,scene-0103_035,lateral,-0.05,m,34720,34720,2809,8.090437788,2809,11,0,5.447935879,12.64395574,4,786,244,248,31.043257,0.5089058524,-35.302
nuscenes,scene-0103_035,lateral,-0.02,m,34720,34720,2806,8.081797235,2809,8,0,2.179114688,5.057257719,4,786,245,248,31.17048346,0.3816793893,-35.302
nuscenes,scene-0103_035,lateral,0.02,m,34720,34720,2806,8.081797235,2809,4,0,2.179035143,5.056825017,4,786,249,248,31.67938931,-0.1272264631,-35.302
nuscenes,scene-0103_035,lateral,0.05,m,34720,34720,2807,8.084677419,2809,10,0,5.447438718,12.64125135,4,786,251,248,31.93384224,-0.3816793893,-35.302
nuscenes,scene-0103_035,lateral,0.1,m,34720,34720,2806,8.081797235,2809,19,0,10.89438034,25.27979917,4,786,254,248,32.31552163,-0.7633587786,-35.302
nuscenes,scene-0103_035,pitch,-1,deg,34720,34720,2940,8.467741935,2809,3,0,23.18275201,26.613793,4,786,222,248,28.24427481,3.307888041,-35.302
nuscenes,scene-0103_035,pitch,1,deg,34720,34720,2664,7.67281106,2809,148,0,23.26104415,26.97442265,4,786,224,248,28.49872774,3.053435115,-35.302
nuscenes,scene-0103_035,roll,-1,deg,34720,34720,2798,8.05875576,2809,27,0,8.253115744,13.96502163,4,786,246,248,31.29770992,0.2544529262,-35.302
nuscenes,scene-0103_035,roll,1,deg,34720,34720,2815,8.107718894,2809,14,0,8.250044765,13.95737999,4,786,249,248,31.67938931,-0.1272264631,-35.302
nuscenes,scene-0103_036,baseline,0,none,34752,34752,2795,8.042702578,2795,0,0,0,0,4,432,244,244,56.48148148,0,-35.645
nuscenes,scene-0103_036,yaw,-3,deg,34752,34752,2803,8.065722836,2795,162,0,76.04786212,93.14591132,4,432,160,244,37.03703704,19.44444444,-35.645
nuscenes,scene-0103_036,yaw,-2,deg,34752,34752,2798,8.051335175,2795,108,0,50.63032833,61.86560282,4,432,191,244,44.21296296,12.26851852,-35.645
nuscenes,scene-0103_036,yaw,-1,deg,34752,34752,2794,8.039825046,2795,52,0,25.29778108,30.89958147,4,432,224,244,51.85185185,4.62962963,-35.645
nuscenes,scene-0103_036,yaw,-0.5,deg,34752,34752,2794,8.039825046,2795,24,0,12.64116835,15.45400367,4,432,236,244,54.62962963,1.851851852,-35.645
nuscenes,scene-0103_036,yaw,0.5,deg,34752,34752,2804,8.068600368,2795,23,0,12.63553419,15.48975932,4,432,254,244,58.7962963,-2.314814815,-35.645
nuscenes,scene-0103_036,yaw,1,deg,34752,34752,2795,8.042702578,2795,51,0,25.26095825,31.01566642,4,432,254,244,58.7962963,-2.314814815,-35.645
nuscenes,scene-0103_036,yaw,2,deg,34752,34752,2795,8.042702578,2795,104,0,50.47373385,62.41201909,4,432,258,244,59.72222222,-3.240740741,-35.645
nuscenes,scene-0103_036,yaw,3,deg,34752,34752,2786,8.016804788,2795,166,0,75.65050257,94.38894597,4,432,253,244,58.56481481,-2.083333333,-35.645
nuscenes,scene-0103_036,lateral,-0.1,m,34752,34752,2789,8.025437385,2795,21,0,10.82582628,25.59297322,4,432,237,244,54.86111111,1.62037037,-35.645
nuscenes,scene-0103_036,lateral,-0.05,m,34752,34752,2792,8.034069982,2795,10,0,5.412661672,12.79508506,4,432,242,244,56.01851852,0.462962963,-35.645
nuscenes,scene-0103_036,lateral,-0.02,m,34752,34752,2795,8.042702578,2795,2,0,2.165004321,5.117697711,4,432,243,244,56.25,0.2314814815,-35.645
nuscenes,scene-0103_036,lateral,0.02,m,34752,34752,2803,8.065722836,2795,2,0,2.164923863,5.117249362,4,432,248,244,57.40740741,-0.9259259259,-35.645
nuscenes,scene-0103_036,lateral,0.05,m,34752,34752,2804,8.068600368,2795,4,0,5.412158808,12.79228288,4,432,249,244,57.63888889,-1.157407407,-35.645
nuscenes,scene-0103_036,lateral,0.1,m,34752,34752,2810,8.085865562,2795,13,0,10.82381482,25.5817645,4,432,255,244,59.02777778,-2.546296296,-35.645
nuscenes,scene-0103_036,pitch,-1,deg,34752,34752,2940,8.459944751,2795,0,0,23.24476205,26.63543812,4,432,248,244,57.40740741,-0.9259259259,-35.645
nuscenes,scene-0103_036,pitch,1,deg,34752,34752,2655,7.639848066,2795,141,0,23.30452338,26.99586163,4,432,230,244,53.24074074,3.240740741,-35.645
nuscenes,scene-0103_036,roll,-1,deg,34752,34752,2797,8.048457643,2795,17,0,8.18209561,13.89897372,4,432,243,244,56.25,0.2314814815,-35.645
nuscenes,scene-0103_036,roll,1,deg,34752,34752,2808,8.080110497,2795,14,0,8.181217096,13.89207501,4,432,246,244,56.94444444,-0.462962963,-35.645
nuscenes,scene-0103_037,baseline,0,none,34720,34720,2721,7.836981567,2721,0,0,0,0,6,1207,330,330,27.34051367,0,-35.524
nuscenes,scene-0103_037,yaw,-3,deg,34720,34720,2730,7.862903226,2721,158,0,75.8463796,93.22988546,6,1207,270,330,22.36951118,4.971002486,-35.524
nuscenes,scene-0103_037,yaw,-2,deg,34720,34720,2729,7.860023041,2721,103,0,50.51928995,61.97529007,6,1207,298,330,24.68931234,2.651201326,-35.524
nuscenes,scene-0103_037,yaw,-1,deg,34720,34720,2722,7.839861751,2721,53,0,25.23277586,30.98827857,6,1207,319,330,26.42916321,0.9113504557,-35.524
nuscenes,scene-0103_037,yaw,-0.5,deg,34720,34720,2718,7.828341014,2721,30,0,12.61768141,15.50788316,6,1207,326,330,27.0091135,0.3314001657,-35.524
nuscenes,scene-0103_037,yaw,0.5,deg,34720,34720,2714,7.816820276,2721,28,0,12.62127282,15.5578533,6,1207,330,330,27.34051367,0,-35.524
nuscenes,scene-0103_037,yaw,1,deg,34720,34720,2712,7.811059908,2721,56,0,25.24265014,31.15492041,6,1207,326,330,27.0091135,0.3314001657,-35.524
nuscenes,scene-0103_037,yaw,2,deg,34720,34720,2707,7.796658986,2721,110,0,50.46259988,62.72792893,6,1207,312,330,25.84921292,1.491300746,-35.524
nuscenes,scene-0103_037,yaw,3,deg,34720,34720,2709,7.802419355,2721,159,0,75.64720301,94.93005182,6,1207,287,330,23.77796189,3.562551781,-35.524
nuscenes,scene-0103_037,lateral,-0.1,m,34720,34720,2716,7.822580645,2721,22,0,11.60875671,25.54300472,6,1207,325,330,26.92626346,0.4142502071,-35.524
nuscenes,scene-0103_037,lateral,-0.05,m,34720,34720,2717,7.825460829,2721,11,0,5.804092754,12.77011631,6,1207,328,330,27.17481359,0.1657000829,-35.524
nuscenes,scene-0103_037,lateral,-0.02,m,34720,34720,2718,7.828341014,2721,7,0,2.321568563,5.107713929,6,1207,328,330,27.17481359,0.1657000829,-35.524
nuscenes,scene-0103_037,lateral,0.02,m,34720,34720,2719,7.831221198,2721,4,0,2.321477183,5.107270537,6,1207,332,330,27.50621375,-0.1657000829,-35.524
nuscenes,scene-0103_037,lateral,0.05,m,34720,34720,2723,7.842741935,2721,7,0,5.803521634,12.76734511,6,1207,330,330,27.34051367,0,-35.524
nuscenes,scene-0103_037,lateral,0.1,m,34720,34720,2720,7.834101382,2721,20,0,11.60647223,25.53191992,6,1207,331,330,27.42336371,-0.08285004143,-35.524
nuscenes,scene-0103_037,pitch,-1,deg,34720,34720,2854,8.220046083,2721,1,0,23.30280963,26.61929725,6,1207,293,330,24.27506214,3.065451533,-35.524
nuscenes,scene-0103_037,pitch,1,deg,34720,34720,2576,7.419354839,2721,147,0,23.43506888,26.97999126,6,1207,306,330,25.35211268,1.988400994,-35.524
nuscenes,scene-0103_037,roll,-1,deg,34720,34720,2712,7.811059908,2721,28,0,8.131950867,13.9791786,6,1207,328,330,27.17481359,0.1657000829,-35.524
nuscenes,scene-0103_037,roll,1,deg,34720,34720,2727,7.854262673,2721,13,0,8.132970865,13.97122169,6,1207,331,330,27.42336371,-0.08285004143,-35.524
nuscenes,scene-0103_038,baseline,0,none,34752,34752,2734,7.867173112,2734,0,0,0,0,4,1259,352,352,27.95869738,0,-36.512
nuscenes,scene-0103_038,yaw,-3,deg,34752,34752,2724,7.83839779,2734,154,0,75.18692881,94.04556022,4,1259,345,352,27.40270056,0.5559968229,-36.512
nuscenes,scene-0103_038,yaw,-2,deg,34752,34752,2732,7.861418048,2734,107,0,50.08045535,62.30226638,4,1259,358,352,28.43526608,-0.4765687053,-36.512
nuscenes,scene-0103_038,yaw,-1,deg,34752,34752,2729,7.852785451,2734,59,0,25.01831113,31.18135535,4,1259,358,352,28.43526608,-0.4765687053,-36.512
nuscenes,scene-0103_038,yaw,-0.5,deg,34752,34752,2731,7.858540516,2734,31,0,12.50287942,15.61683935,4,1259,358,352,28.43526608,-0.4765687053,-36.512
nuscenes,scene-0103_038,yaw,0.5,deg,34752,34752,2738,7.878683241,2734,25,0,12.50844215,15.64497971,4,1259,352,352,27.95869738,0,-36.512
nuscenes,scene-0103_038,yaw,1,deg,34752,34752,2735,7.870050645,2734,58,0,25.01470221,31.34711185,4,1259,336,352,26.6878475,1.270849881,-36.512
nuscenes,scene-0103_038,yaw,2,deg,34752,34752,2743,7.893070902,2734,109,0,50.00696547,63.11080209,4,1259,317,352,25.17871326,2.779984114,-36.512
nuscenes,scene-0103_038,yaw,3,deg,34752,34752,2753,7.921846225,2734,152,0,74.94063273,95.55228834,4,1259,289,352,22.95472597,5.003971406,-36.512
nuscenes,scene-0103_038,lateral,-0.1,m,34752,34752,2736,7.872928177,2734,25,0,11.06614746,27.11859357,4,1259,367,352,29.15011914,-1.191421763,-36.512
nuscenes,scene-0103_038,lateral,-0.05,m,34752,34752,2737,7.875805709,2734,11,0,5.53281166,13.55772055,4,1259,360,352,28.59412232,-0.6354249404,-36.512
nuscenes,scene-0103_038,lateral,-0.02,m,34752,34752,2733,7.86429558,2734,6,0,2.213061773,5.422709993,4,1259,356,352,28.27640985,-0.3177124702,-36.512
nuscenes,scene-0103_038,lateral,0.02,m,34752,34752,2734,7.867173112,2734,4,0,2.212977923,5.422205774,4,1259,354,352,28.11755361,-0.1588562351,-36.512
nuscenes,scene-0103_038,lateral,0.05,m,34752,34752,2734,7.867173112,2734,11,0,5.532287599,13.55456918,4,1259,348,352,27.64098491,0.3177124702,-36.512
nuscenes,scene-0103_038,lateral,0.1,m,34752,34752,2737,7.875805709,2734,23,0,11.06405121,27.10598808,4,1259,343,352,27.24384432,0.714853058,-36.512
nuscenes,scene-0103_038,pitch,-1,deg,34752,34752,2866,8.247007366,2734,1,0,23.27415055,26.60496509,4,1259,351,352,27.87926926,0.07942811755,-36.512
nuscenes,scene-0103_038,pitch,1,deg,34752,34752,2588,7.447053407,2734,147,0,23.41518039,26.96766821,4,1259,319,352,25.3375695,2.621127879,-36.512
nuscenes,scene-0103_038,roll,-1,deg,34752,34752,2725,7.841275322,2734,26,0,7.861305516,13.94270277,4,1259,344,352,27.32327244,0.6354249404,-36.512
nuscenes,scene-0103_038,roll,1,deg,34752,34752,2736,7.872928177,2734,16,0,7.861595232,13.93482546,4,1259,356,352,28.27640985,-0.3177124702,-36.512
nuscenes,scene-0103_039,baseline,0,none,34720,34720,2695,7.762096774,2695,0,0,0,0,4,255,255,255,100,0,-35.823
nuscenes,scene-0103_039,yaw,-3,deg,34720,34720,2704,7.788018433,2695,154,0,75.37574822,92.87503626,4,255,192,255,75.29411765,24.70588235,-35.823
nuscenes,scene-0103_039,yaw,-2,deg,34720,34720,2705,7.790898618,2695,104,0,50.18230004,61.6992469,4,255,221,255,86.66666667,13.33333333,-35.823
nuscenes,scene-0103_039,yaw,-1,deg,34720,34720,2703,7.785138249,2695,48,0,25.07408592,30.87464586,4,255,247,255,96.8627451,3.137254902,-35.823
nuscenes,scene-0103_039,yaw,-0.5,deg,34720,34720,2687,7.7390553,2695,31,0,12.52926669,15.41020726,4,255,253,255,99.21568627,0.7843137255,-35.823
nuscenes,scene-0103_039,yaw,0.5,deg,34720,34720,2702,7.782258065,2695,19,0,12.53168331,15.39565864,4,255,254,255,99.60784314,0.3921568627,-35.823
nuscenes,scene-0103_039,yaw,1,deg,34720,34720,2718,7.828341014,2695,39,0,25.06493673,30.84143863,4,255,248,255,97.25490196,2.745098039,-35.823
nuscenes,scene-0103_039,yaw,2,deg,34720,34720,2741,7.894585253,2695,76,0,50.14724841,61.94944117,4,255,234,255,91.76470588,8.235294118,-35.823
nuscenes,scene-0103_039,yaw,3,deg,34720,34720,2753,7.929147465,2695,117,0,75.19262069,93.3756106,4,255,208,255,81.56862745,18.43137255,-35.823
nuscenes,scene-0103_039,lateral,-0.1,m,34720,34720,2685,7.733294931,2695,25,0,10.60809716,25.69452055,4,255,255,255,100,0,-35.823
nuscenes,scene-0103_039,lateral,-0.05,m,34720,34720,2690,7.747695853,2695,11,0,5.303808927,12.8458516,4,255,255,255,100,0,-35.823
nuscenes,scene-0103_039,lateral,-0.02,m,34720,34720,2691,7.750576037,2695,5,0,2.121466057,5.138002615,4,255,255,255,100,0,-35.823
nuscenes,scene-0103_039,lateral,0.02,m,34720,34720,2692,7.753456221,2695,5,0,2.121389378,5.137551985,4,255,255,255,100,0,-35.823
nuscenes,scene-0103_039,lateral,0.05,m,34720,34720,2698,7.770737327,2695,8,0,5.30332968,12.84303516,4,255,255,255,100,0,-35.823
nuscenes,scene-0103_039,lateral,0.1,m,34720,34720,2702,7.782258065,2695,15,0,10.60618018,25.68325482,4,255,254,255,99.60784314,0.3921568627,-35.823
nuscenes,scene-0103_039,pitch,-1,deg,34720,34720,2824,8.133640553,2695,3,0,23.24382052,26.60383832,4,255,248,255,97.25490196,2.745098039,-35.823
nuscenes,scene-0103_039,pitch,1,deg,34720,34720,2549,7.341589862,2695,147,0,23.38665003,26.9662809,4,255,235,255,92.15686275,7.843137255,-35.823
nuscenes,scene-0103_039,roll,-1,deg,34720,34720,2687,7.7390553,2695,25,0,7.998259476,13.71505023,4,255,249,255,97.64705882,2.352941176,-35.823
nuscenes,scene-0103_039,roll,1,deg,34720,34720,2698,7.770737327,2695,15,0,7.99614067,13.71105639,4,255,255,255,100,0,-35.823
nuscenes,scene-1094_000,baseline,0,none,34400,34400,3549,10.31686047,3549,0,0,0,0,3,557,557,557,100,0,-35.659
nuscenes,scene-1094_000,yaw,-3,deg,34400,34400,3492,10.15116279,3549,189,0,76.50454047,94.19489575,3,557,502,557,90.12567325,9.87432675,-35.659
nuscenes,scene-1094_000,yaw,-2,deg,34400,34400,3515,10.21802326,3549,127,0,50.93318202,62.47174109,3,557,540,557,96.94793537,3.052064632,-35.659
nuscenes,scene-1094_000,yaw,-1,deg,34400,34400,3534,10.27325581,3549,63,0,25.45080149,31.11135839,3,557,556,557,99.82046679,0.1795332136,-35.659
nuscenes,scene-1094_000,yaw,-0.5,deg,34400,34400,3545,10.30523256,3549,28,0,12.72063293,15.54181912,3,557,557,557,100,0,-35.659
nuscenes,scene-1094_000,yaw,0.5,deg,34400,34400,3559,10.34593023,3549,21,0,12.71906402,15.53402222,3,557,554,557,99.46140036,0.5385996409,-35.659
nuscenes,scene-1094_000,yaw,1,deg,34400,34400,3570,10.37790698,3549,38,0,25.43412408,31.11722588,3,557,542,557,97.3070018,2.692998205,-35.659
nuscenes,scene-1094_000,yaw,2,deg,34400,34400,3587,10.42732558,3549,81,0,50.86688457,62.67878163,3,557,503,557,90.30520646,9.694793537,-35.659
nuscenes,scene-1094_000,yaw,3,deg,34400,34400,3598,10.45930233,3549,128,0,76.30272274,94.62125277,3,557,481,557,86.35547576,13.64452424,-35.659
nuscenes,scene-1094_000,lateral,-0.1,m,34400,34400,3557,10.34011628,3549,10,0,4.450237011,24.3002325,3,557,557,557,100,0,-35.659
nuscenes,scene-1094_000,lateral,-0.05,m,34400,34400,3552,10.3255814,3549,5,0,2.225104253,12.14969171,3,557,557,557,100,0,-35.659
nuscenes,scene-1094_000,lateral,-0.02,m,34400,34400,3550,10.31976744,3549,3,0,0.8900382807,4.859774798,3,557,557,557,100,0,-35.659
nuscenes,scene-1094_000,lateral,0.02,m,34400,34400,3547,10.31104651,3549,3,0,0.8900337201,4.859638958,3,557,557,557,100,0,-35.659
nuscenes,scene-1094_000,lateral,0.05,m,34400,34400,3550,10.31976744,3549,7,0,2.225075749,12.14884271,3,557,556,557,99.82046679,0.1795332136,-35.659
nuscenes,scene-1094_000,lateral,0.1,m,34400,34400,3548,10.31395349,3549,15,0,4.450122994,24.2968365,3,557,553,557,99.28186715,0.7181328546,-35.659
nuscenes,scene-1094_000,pitch,-1,deg,34400,34400,3645,10.59593023,3549,0,0,23.30233811,27.53751262,3,557,528,557,94.7935368,5.206463196,-35.659
nuscenes,scene-1094_000,pitch,1,deg,34400,34400,3417,9.933139535,3549,132,0,23.20656501,27.88829313,3,557,551,557,98.92280072,1.077199282,-35.659
nuscenes,scene-1094_000,roll,-1,deg,34400,34400,3547,10.31104651,3549,25,0,7.542511064,13.52975676,3,557,557,557,100,0,-35.659
nuscenes,scene-1094_000,roll,1,deg,34400,34400,3547,10.31104651,3549,20,0,7.543326299,13.5313207,3,557,556,557,99.82046679,0.1795332136,-35.659
nuscenes,scene-1094_001,baseline,0,none,34688,34688,3555,10.24850092,3555,0,0,0,0,3,509,509,509,100,0,-35.521
nuscenes,scene-1094_001,yaw,-3,deg,34688,34688,3498,10.08417897,3555,188,0,76.23930417,94.15614363,3,509,441,509,86.64047151,13.35952849,-35.521
nuscenes,scene-1094_001,yaw,-2,deg,34688,34688,3521,10.15048432,3555,125,0,50.7717887,62.59824229,3,509,476,509,93.51669941,6.483300589,-35.521
nuscenes,scene-1094_001,yaw,-1,deg,34688,34688,3542,10.21102399,3555,61,0,25.3613172,31.2553042,3,509,506,509,99.41060904,0.5893909627,-35.521
nuscenes,scene-1094_001,yaw,-0.5,deg,34688,34688,3552,10.2398524,3555,29,0,12.67839887,15.63282922,3,509,509,509,100,0,-35.521
nuscenes,scene-1094_001,yaw,0.5,deg,34688,34688,3562,10.26868081,3555,25,0,12.67705827,15.69721466,3,509,508,509,99.80353635,0.1964636542,-35.521
nuscenes,scene-1094_001,yaw,1,deg,34688,34688,3560,10.26291513,3555,58,0,25.35010374,31.487368,3,509,506,509,99.41060904,0.5893909627,-35.521
nuscenes,scene-1094_001,yaw,2,deg,34688,34688,3567,10.28309502,3555,114,0,50.70788657,63.39360281,3,509,483,509,94.89194499,5.10805501,-35.521
nuscenes,scene-1094_001,yaw,3,deg,34688,34688,3571,10.29462638,3555,168,0,76.0578334,95.78680378,3,509,447,509,87.81925344,12.18074656,-35.521
nuscenes,scene-1094_001,lateral,-0.1,m,34688,34688,3552,10.2398524,3555,17,0,4.499982833,24.24788856,3,509,509,509,100,0,-35.521
nuscenes,scene-1094_001,lateral,-0.05,m,34688,34688,3555,10.24850092,3555,9,0,2.249976819,12.12352119,3,509,509,509,100,0,-35.521
nuscenes,scene-1094_001,lateral,-0.02,m,34688,34688,3556,10.25138376,3555,3,0,0.8999872245,4.849306942,3,509,509,509,100,0,-35.521
nuscenes,scene-1094_001,lateral,0.02,m,34688,34688,3561,10.26579797,3555,1,0,0.8999825535,4.849171568,3,509,509,509,100,0,-35.521
nuscenes,scene-1094_001,lateral,0.05,m,34688,34688,3558,10.25714945,3555,7,0,2.249947626,12.12267511,3,509,509,509,100,0,-35.521
nuscenes,scene-1094_001,lateral,0.1,m,34688,34688,3559,10.26003229,3555,14,0,4.499866058,24.24450421,3,509,508,509,99.80353635,0.1964636542,-35.521
nuscenes,scene-1094_001,pitch,-1,deg,34688,34688,3651,10.52525369,3555,1,0,23.31361302,27.53632569,3,509,478,509,93.90962672,6.090373281,-35.521
nuscenes,scene-1094_001,pitch,1,deg,34688,34688,3433,9.89679428,3555,128,0,23.21242297,27.88613406,3,509,496,509,97.4459725,2.554027505,-35.521
nuscenes,scene-1094_001,roll,-1,deg,34688,34688,3564,10.27444649,3555,22,0,7.551666743,13.63267176,3,509,508,509,99.80353635,0.1964636542,-35.521
nuscenes,scene-1094_001,roll,1,deg,34688,34688,3555,10.24850092,3555,21,0,7.552220972,13.63490798,3,509,509,509,100,0,-35.521
nuscenes,scene-1094_002,baseline,0,none,34720,34720,3551,10.22753456,3551,0,0,0,0,3,465,465,465,100,0,-35.437
nuscenes,scene-1094_002,yaw,-3,deg,34720,34720,3503,10.08928571,3551,185,0,75.8575496,93.93341423,3,465,398,465,85.59139785,14.40860215,-35.437
nuscenes,scene-1094_002,yaw,-2,deg,34720,34720,3527,10.15841014,3551,121,0,50.5183337,62.36507355,3,465,436,465,93.76344086,6.23655914,-35.437
nuscenes,scene-1094_002,yaw,-1,deg,34720,34720,3544,10.20737327,3551,58,0,25.24191927,31.11234491,3,465,463,465,99.56989247,0.4301075269,-35.437
nuscenes,scene-1094_002,yaw,-0.5,deg,34720,34720,3544,10.20737327,3551,33,0,12.6160686,15.56536857,3,465,465,465,100,0,-35.437
nuscenes,scene-1094_002,yaw,0.5,deg,34720,34720,3556,10.24193548,3551,22,0,12.613375,15.62439057,3,465,464,465,99.78494624,0.2150537634,-35.437
nuscenes,scene-1094_002,yaw,1,deg,34720,34720,3551,10.22753456,3551,50,0,25.22495631,31.38662793,3,465,461,465,99.13978495,0.8602150538,-35.437
nuscenes,scene-1094_002,yaw,2,deg,34720,34720,3544,10.20737327,3551,102,0,50.47930782,63.20966531,3,465,442,465,95.05376344,4.946236559,-35.437
nuscenes,scene-1094_002,yaw,3,deg,34720,34720,3542,10.2016129,3551,151,0,75.77431513,95.70273252,3,465,412,465,88.60215054,11.39784946,-35.437
nuscenes,scene-1094_002,lateral,-0.1,m,34720,34720,3553,10.23329493,3551,14,0,4.428782658,23.79646432,3,465,465,465,100,0,-35.437
nuscenes,scene-1094_002,lateral,-0.05,m,34720,34720,3552,10.23041475,3551,7,0,2.214376918,11.89781601,3,465,465,465,100,0,-35.437
nuscenes,scene-1094_002,lateral,-0.02,m,34720,34720,3552,10.23041475,3551,4,0,0.8857473088,4.759026531,3,465,465,465,100,0,-35.437
nuscenes,scene-1094_002,lateral,0.02,m,34720,34720,3550,10.22465438,3551,1,0,0.8857426976,4.758893376,3,465,465,465,100,0,-35.437
nuscenes,scene-1094_002,lateral,0.05,m,34720,34720,3548,10.21889401,3551,6,0,2.214348098,11.89698379,3,465,465,465,100,0,-35.437
nuscenes,scene-1094_002,lateral,0.1,m,34720,34720,3548,10.21889401,3551,11,0,4.428667376,23.79313545,3,465,464,465,99.78494624,0.2150537634,-35.437
nuscenes,scene-1094_002,pitch,-1,deg,34720,34720,3643,10.49251152,3551,0,0,23.31397762,27.43389442,3,465,463,465,99.56989247,0.4301075269,-35.437
nuscenes,scene-1094_002,pitch,1,deg,34720,34720,3428,9.873271889,3551,123,0,23.2147778,27.78027588,3,465,465,465,100,0,-35.437
nuscenes,scene-1094_002,roll,-1,deg,34720,34720,3547,10.21601382,3551,25,0,7.50535109,13.58154634,3,465,465,465,100,0,-35.437
nuscenes,scene-1094_002,roll,1,deg,34720,34720,3551,10.22753456,3551,18,0,7.505581061,13.58384245,3,465,464,465,99.78494624,0.2150537634,-35.437
nuscenes,scene-1094_003,baseline,0,none,34688,34688,3581,10.3234548,3581,0,0,0,0,4,884,478,478,54.07239819,0,-34.719
nuscenes,scene-1094_003,yaw,-3,deg,34688,34688,3543,10.21390683,3581,168,0,75.57895132,93.59876188,4,884,412,478,46.60633484,7.466063348,-34.719
nuscenes,scene-1094_003,yaw,-2,deg,34688,34688,3559,10.26003229,3581,108,0,50.36993043,62.34219403,4,884,446,478,50.45248869,3.619909502,-34.719
nuscenes,scene-1094_003,yaw,-1,deg,34688,34688,3566,10.28021218,3581,55,0,25.18024723,31.24497001,4,884,468,478,52.94117647,1.131221719,-34.719
nuscenes,scene-1094_003,yaw,-0.5,deg,34688,34688,3570,10.29174354,3581,31,0,12.5844468,15.6199689,4,884,472,478,53.39366516,0.6787330317,-34.719
nuscenes,scene-1094_003,yaw,0.5,deg,34688,34688,3583,10.32922048,3581,22,0,12.58414552,15.7190662,4,884,482,478,54.52488688,-0.4524886878,-34.719
nuscenes,scene-1094_003,yaw,1,deg,34688,34688,3587,10.34075185,3581,49,0,25.16609192,31.53612253,4,884,476,478,53.84615385,0.2262443439,-34.719
nuscenes,scene-1094_003,yaw,2,deg,34688,34688,3589,10.34651753,3581,98,0,50.36434589,63.59773484,4,884,458,478,51.80995475,2.262443439,-34.719
nuscenes,scene-1094_003,yaw,3,deg,34688,34688,3576,10.30904059,3581,159,0,75.59669882,96.02330613,4,884,434,478,49.09502262,4.977375566,-34.719
nuscenes,scene-1094_003,lateral,-0.1,m,34688,34688,3572,10.29750923,3581,20,0,4.366984632,23.48950775,4,884,472,478,53.39366516,0.6787330317,-34.719
nuscenes,scene-1094_003,lateral,-0.05,m,34688,34688,3578,10.31480627,3581,8,0,2.183478112,11.74434226,4,884,475,478,53.73303167,0.3393665158,-34.719
nuscenes,scene-1094_003,lateral,-0.02,m,34688,34688,3580,10.32057196,3581,4,0,0.8733878361,4.697638119,4,884,476,478,53.84615385,0.2262443439,-34.719
nuscenes,scene-1094_003,lateral,0.02,m,34688,34688,3581,10.3234548,3581,3,0,0.8733832911,4.697506415,4,884,480,478,54.29864253,-0.2262443439,-34.719
nuscenes,scene-1094_003,lateral,0.05,m,34688,34688,3579,10.31768911,3581,7,0,2.183449706,11.7435191,4,884,480,478,54.29864253,-0.2262443439,-34.719
nuscenes,scene-1094_003,lateral,0.1,m,34688,34688,3579,10.31768911,3581,14,0,4.366871006,23.48621514,4,884,483,478,54.63800905,-0.5656108597,-34.719
nuscenes,scene-1094_003,pitch,-1,deg,34688,34688,3675,10.59444188,3581,4,0,23.26829371,27.35738956,4,884,476,478,53.84615385,0.2262443439,-34.719
nuscenes,scene-1094_003,pitch,1,deg,34688,34688,3450,9.945802583,3581,131,0,23.18839753,27.70838512,4,884,476,478,53.84615385,0.2262443439,-34.719
nuscenes,scene-1094_003,roll,-1,deg,34688,34688,3579,10.31768911,3581,25,0,7.495971578,13.56774548,4,884,476,478,53.84615385,0.2262443439,-34.719
nuscenes,scene-1094_003,roll,1,deg,34688,34688,3577,10.31192343,3581,22,0,7.495193409,13.57046776,4,884,479,478,54.18552036,-0.1131221719,-34.719
nuscenes,scene-1094_004,baseline,0,none,34720,34720,3602,10.37442396,3602,0,0,0,0,4,740,473,473,63.91891892,0,-34.599
nuscenes,scene-1094_004,yaw,-3,deg,34720,34720,3561,10.25633641,3602,175,0,75.4315714,94.77249271,4,740,401,473,54.18918919,9.72972973,-34.599
nuscenes,scene-1094_004,yaw,-2,deg,34720,34720,3579,10.30817972,3602,114,0,50.270216,63.0132469,4,740,437,473,59.05405405,4.864864865,-34.599
nuscenes,scene-1094_004,yaw,-1,deg,34720,34720,3592,10.34562212,3602,59,0,25.12899143,31.39923682,4,740,463,473,62.56756757,1.351351351,-34.599
nuscenes,scene-1094_004,yaw,-0.5,deg,34720,34720,3588,10.33410138,3602,37,0,12.56853875,15.73368979,4,740,467,473,63.10810811,0.8108108108,-34.599
nuscenes,scene-1094_004,yaw,0.5,deg,34720,34720,3599,10.36578341,3602,26,0,12.57505414,15.83679978,4,740,475,473,64.18918919,-0.2702702703,-34.599
nuscenes,scene-1094_004,yaw,1,deg,34720,34720,3593,10.3485023,3602,61,0,25.16074051,31.79359098,4,740,463,473,62.56756757,1.351351351,-34.599
nuscenes,scene-1094_004,yaw,2,deg,34720,34720,3558,10.24769585,3602,143,0,50.34496716,63.93283892,4,740,445,473,60.13513514,3.783783784,-34.599
nuscenes,scene-1094_004,yaw,3,deg,34720,34720,3531,10.16993088,3602,221,0,75.61053284,96.7304344,4,740,421,473,56.89189189,7.027027027,-34.599
nuscenes,scene-1094_004,lateral,-0.1,m,34720,34720,3594,10.35138249,3602,21,0,4.460611335,23.50965448,4,740,468,473,63.24324324,0.6756756757,-34.599
nuscenes,scene-1094_004,lateral,-0.05,m,34720,34720,3595,10.35426267,3602,14,0,2.230290975,11.75441834,4,740,471,473,63.64864865,0.2702702703,-34.599
nuscenes,scene-1094_004,lateral,-0.02,m,34720,34720,3598,10.36290323,3602,5,0,0.8921128641,4.701669203,4,740,471,473,63.64864865,0.2702702703,-34.599
nuscenes,scene-1094_004,lateral,0.02,m,34720,34720,3600,10.36866359,3602,5,0,0.8921081628,4.701538367,4,740,475,473,64.18918919,-0.2702702703,-34.599
nuscenes,scene-1094_004,lateral,0.05,m,34720,34720,3601,10.37154378,3602,8,0,2.230261592,11.75360061,4,740,473,473,63.91891892,0,-34.599
nuscenes,scene-1094_004,lateral,0.1,m,34720,34720,3599,10.36578341,3602,15,0,4.460493801,23.50638359,4,740,476,473,64.32432432,-0.4054054054,-34.599
nuscenes,scene-1094_004,pitch,-1,deg,34720,34720,3697,10.64804147,3602,4,0,23.2680278,27.19880298,4,740,470,473,63.51351351,0.4054054054,-34.599
nuscenes,scene-1094_004,pitch,1,deg,34720,34720,3473,10.00288018,3602,130,0,23.18830631,27.53666336,4,740,471,473,63.64864865,0.2702702703,-34.599
nuscenes,scene-1094_004,roll,-1,deg,34720,34720,3598,10.36290323,3602,25,0,7.520362451,13.75253468,4,740,471,473,63.64864865,0.2702702703,-34.599
nuscenes,scene-1094_004,roll,1,deg,34720,34720,3598,10.36290323,3602,25,0,7.520111394,13.75137297,4,740,473,473,63.91891892,0,-34.599
nuscenes,scene-1094_005,baseline,0,none,34752,34752,3548,10.20948435,3548,0,0,0,0,4,663,483,483,72.85067873,0,-35.025
nuscenes,scene-1094_005,yaw,-3,deg,34752,34752,3553,10.22387201,3548,190,0,75.30964207,94.33699038,4,663,431,483,65.00754148,7.843137255,-35.025
nuscenes,scene-1094_005,yaw,-2,deg,34752,34752,3548,10.20948435,3548,124,0,50.26761772,62.67691147,4,663,461,483,69.53242836,3.318250377,-35.025
nuscenes,scene-1094_005,yaw,-1,deg,34752,34752,3543,10.19509669,3548,59,0,25.15801458,31.20992195,4,663,482,483,72.69984917,0.1508295626,-35.025
nuscenes,scene-1094_005,yaw,-0.5,deg,34752,34752,3550,10.21523941,3548,25,0,12.58517315,15.60997532,4,663,483,483,72.85067873,0,-35.025
nuscenes,scene-1094_005,yaw,0.5,deg,34752,34752,3550,10.21523941,3548,27,0,12.58906138,15.64739888,4,663,482,483,72.69984917,0.1508295626,-35.025
nuscenes,scene-1094_005,yaw,1,deg,34752,34752,3550,10.21523941,3548,53,0,25.1730052,31.38639585,4,663,474,483,71.49321267,1.357466063,-35.025
nuscenes,scene-1094_005,yaw,2,deg,34752,34752,3554,10.22674954,3548,100,0,50.35992221,62.94896263,4,663,453,483,68.32579186,4.524886878,-35.025
nuscenes,scene-1094_005,yaw,3,deg,34752,34752,3569,10.26991252,3548,142,0,75.62843917,94.77874275,4,663,432,483,65.15837104,7.692307692,-35.025
nuscenes,scene-1094_005,lateral,-0.1,m,34752,34752,3558,10.23825967,3548,10,0,4.327436904,22.79770969,4,663,483,483,72.85067873,0,-35.025
nuscenes,scene-1094_005,lateral,-0.05,m,34752,34752,3549,10.21236188,3548,7,0,2.163703936,11.3984511,4,663,483,483,72.85067873,0,-35.025
nuscenes,scene-1094_005,lateral,-0.02,m,34752,34752,3551,10.21811694,3548,2,0,0.8654780907,4.559283544,4,663,483,483,72.85067873,0,-35.025
nuscenes,scene-1094_005,lateral,0.02,m,34752,34752,3545,10.20085175,3548,6,0,0.8654734458,4.559154359,4,663,483,483,72.85067873,0,-35.025
nuscenes,scene-1094_005,lateral,0.05,m,34752,34752,3550,10.21523941,3548,10,0,2.163674905,11.39764369,4,663,483,483,72.85067873,0,-35.025
nuscenes,scene-1094_005,lateral,0.1,m,34752,34752,3543,10.19509669,3548,22,0,4.32732078,22.79448005,4,663,483,483,72.85067873,0,-35.025
nuscenes,scene-1094_005,pitch,-1,deg,34752,34752,3644,10.48572744,3548,0,0,23.18593401,27.0219951,4,663,428,483,64.55505279,8.295625943,-35.025
nuscenes,scene-1094_005,pitch,1,deg,34752,34752,3427,9.861302947,3548,128,0,23.15933872,27.36303103,4,663,479,483,72.24736048,0.6033182504,-35.025
nuscenes,scene-1094_005,roll,-1,deg,34752,34752,3554,10.22674954,3548,26,0,7.499931534,13.56371413,4,663,479,483,72.24736048,0.6033182504,-35.025
nuscenes,scene-1094_005,roll,1,deg,34752,34752,3554,10.22674954,3548,17,0,7.499104996,13.56234972,4,663,483,483,72.85067873,0,-35.025
nuscenes,scene-1094_006,baseline,0,none,34688,34688,3602,10.38399446,3602,0,0,0,0,3,529,529,529,100,0,-34.918
nuscenes,scene-1094_006,yaw,-3,deg,34688,34688,3540,10.2052583,3602,196,0,75.77321553,93.16071248,3,529,477,529,90.17013233,9.829867675,-34.918
nuscenes,scene-1094_006,yaw,-2,deg,34688,34688,3554,10.24561808,3602,129,0,50.51794555,61.76980931,3,529,514,529,97.16446125,2.835538752,-34.918
nuscenes,scene-1094_006,yaw,-1,deg,34688,34688,3576,10.30904059,3602,64,0,25.26239501,30.77141642,3,529,529,529,100,0,-34.918
nuscenes,scene-1094_006,yaw,-0.5,deg,34688,34688,3588,10.34363469,3602,31,0,12.63007955,15.38186816,3,529,529,529,100,0,-34.918
nuscenes,scene-1094_006,yaw,0.5,deg,34688,34688,3617,10.42723708,3602,18,0,12.63268528,15.35499402,3,529,527,529,99.62192817,0.3780718336,-34.918
nuscenes,scene-1094_006,yaw,1,deg,34688,34688,3629,10.46183118,3602,36,0,25.25850577,30.71530323,3,529,519,529,98.10964083,1.890359168,-34.918
nuscenes,scene-1094_006,yaw,2,deg,34688,34688,3637,10.48489391,3602,87,0,50.51872944,61.7301416,3,529,495,529,93.57277883,6.427221172,-34.918
nuscenes,scene-1094_006,yaw,3,deg,34688,34688,3631,10.46759686,3602,146,0,75.76361257,93.05808104,3,529,463,529,87.52362949,12.47637051,-34.918
nuscenes,scene-1094_006,lateral,-0.1,m,34688,34688,3598,10.3724631,3602,15,0,4.308017303,21.73126457,3,529,529,529,100,0,-34.918
nuscenes,scene-1094_006,lateral,-0.05,m,34688,34688,3600,10.37822878,3602,8,0,2.153994587,10.86527355,3,529,529,529,100,0,-34.918
nuscenes,scene-1094_006,lateral,-0.02,m,34688,34688,3600,10.37822878,3602,2,0,0.8615944592,4.346023329,3,529,529,529,100,0,-34.918
nuscenes,scene-1094_006,lateral,0.02,m,34688,34688,3601,10.38111162,3602,3,0,0.8615899586,4.345908547,3,529,529,529,100,0,-34.918
nuscenes,scene-1094_006,lateral,0.05,m,34688,34688,3608,10.40129151,3602,6,0,2.153966458,10.86455616,3,529,529,529,100,0,-34.918
nuscenes,scene-1094_006,lateral,0.1,m,34688,34688,3609,10.40417435,3602,12,0,4.307904788,21.728395,3,529,527,529,99.62192817,0.3780718336,-34.918
nuscenes,scene-1094_006,pitch,-1,deg,34688,34688,3706,10.68380996,3602,0,0,23.15815511,26.90633064,3,529,529,529,100,0,-34.918
nuscenes,scene-1094_006,pitch,1,deg,34688,34688,3484,10.04381919,3602,121,0,23.12565913,27.2400762,3,529,522,529,98.67674858,1.323251418,-34.918
nuscenes,scene-1094_006,roll,-1,deg,34688,34688,3610,10.4070572,3602,23,0,7.551467931,13.49519331,3,529,529,529,100,0,-34.918
nuscenes,scene-1094_006,roll,1,deg,34688,34688,3608,10.40129151,3602,18,0,7.551268977,13.49790508,3,529,529,529,100,0,-34.918
nuscenes,scene-1094_007,baseline,0,none,34720,34720,3678,10.59331797,3678,0,0,0,0,3,589,572,572,97.11375212,0,-37.683
nuscenes,scene-1094_007,yaw,-3,deg,34720,34720,3643,10.49251152,3678,199,0,75.97044989,93.11256463,3,589,537,572,91.17147708,5.942275042,-37.683
nuscenes,scene-1094_007,yaw,-2,deg,34720,34720,3660,10.54147465,3678,134,0,50.6443596,61.88612118,3,589,568,572,96.43463497,0.6791171477,-37.683
nuscenes,scene-1094_007,yaw,-1,deg,34720,34720,3669,10.56739631,3678,67,0,25.31391723,30.95839055,3,589,581,572,98.6417657,-1.528013582,-37.683
nuscenes,scene-1094_007,yaw,-0.5,deg,34720,34720,3671,10.57315668,3678,35,0,12.65681393,15.46425912,3,589,577,572,97.96264856,-0.8488964346,-37.683
nuscenes,scene-1094_007,yaw,0.5,deg,34720,34720,3676,10.5875576,3678,32,0,12.64690041,15.47739771,3,589,566,572,96.0950764,1.018675722,-37.683
nuscenes,scene-1094_007,yaw,1,deg,34720,34720,3678,10.59331797,3678,66,0,25.2908948,30.99050014,3,589,551,572,93.5483871,3.565365025,-37.683
nuscenes,scene-1094_007,yaw,2,deg,34720,34720,3681,10.60195853,3678,127,0,50.57696124,62.27369694,3,589,518,572,87.94567063,9.168081494,-37.683
nuscenes,scene-1094_007,yaw,3,deg,34720,34720,3682,10.60483871,3678,186,0,75.83689895,94.27553663,3,589,486,572,82.51273345,14.60101868,-37.683
nuscenes,scene-1094_007,lateral,-0.1,m,34720,34720,3671,10.57315668,3678,20,0,4.944840421,22.38006721,3,589,574,572,97.4533107,-0.3395585739,-37.683
nuscenes,scene-1094_007,lateral,-0.05,m,34720,34720,3673,10.57891705,3678,12,0,2.472403177,11.18968493,3,589,574,572,97.4533107,-0.3395585739,-37.683
nuscenes,scene-1094_007,lateral,-0.02,m,34720,34720,3676,10.5875576,3678,4,0,0.9889571825,4.475790295,3,589,573,572,97.28353141,-0.1697792869,-37.683
nuscenes,scene-1094_007,lateral,0.02,m,34720,34720,3678,10.59331797,3678,3,0,0.9889517317,4.47567873,3,589,571,572,96.94397284,0.1697792869,-37.683
nuscenes,scene-1094_007,lateral,0.05,m,34720,34720,3682,10.60483871,3678,5,0,2.472369109,11.18898765,3,589,571,572,96.94397284,0.1697792869,-37.683
nuscenes,scene-1094_007,lateral,0.1,m,34720,34720,3678,10.59331797,3678,15,0,4.944704152,22.37727808,3,589,568,572,96.43463497,0.6791171477,-37.683
nuscenes,scene-1094_007,pitch,-1,deg,34720,34720,3771,10.86117512,3678,3,0,23.17194536,26.84322856,3,589,537,572,91.17147708,5.942275042,-37.683
nuscenes,scene-1094_007,pitch,1,deg,34720,34720,3557,10.24481567,3678,126,0,23.15921592,27.17257509,3,589,571,572,96.94397284,0.1697792869,-37.683
nuscenes,scene-1094_007,roll,-1,deg,34720,34720,3681,10.60195853,3678,24,0,7.655158237,13.69786002,3,589,574,572,97.4533107,-0.3395585739,-37.683
nuscenes,scene-1094_007,roll,1,deg,34720,34720,3684,10.61059908,3678,21,0,7.655141678,13.69903289,3,589,572,572,97.11375212,0,-37.683
nuscenes,scene-1094_008,baseline,0,none,34752,34752,3646,10.4914825,3646,0,0,0,0,4,635,594,594,93.54330709,0,-35.245
nuscenes,scene-1094_008,yaw,-3,deg,34752,34752,3647,10.49436004,3646,188,0,76.07603234,93.4659635,4,635,587,594,92.44094488,1.102362205,-35.245
nuscenes,scene-1094_008,yaw,-2,deg,34752,34752,3647,10.49436004,3646,128,0,50.69725911,62.25716745,4,635,610,594,96.06299213,-2.519685039,-35.245
nuscenes,scene-1094_008,yaw,-1,deg,34752,34752,3648,10.49723757,3646,63,0,25.32430918,31.10860318,4,635,605,594,95.27559055,-1.732283465,-35.245
nuscenes,scene-1094_008,yaw,-0.5,deg,34752,34752,3647,10.49436004,3646,32,0,12.65693904,15.55437376,4,635,597,594,94.01574803,-0.4724409449,-35.245
nuscenes,scene-1094_008,yaw,0.5,deg,34752,34752,3650,10.50299263,3646,30,0,12.65161574,15.60555177,4,635,588,594,92.5984252,0.9448818898,-35.245
nuscenes,scene-1094_008,yaw,1,deg,34752,34752,3652,10.5087477,3646,60,0,25.28533607,31.3127673,4,635,578,594,91.02362205,2.519685039,-35.245
nuscenes,scene-1094_008,yaw,2,deg,34752,34752,3647,10.49436004,3646,130,0,50.52034174,63.03641896,4,635,545,594,85.82677165,7.716535433,-35.245
nuscenes,scene-1094_008,yaw,3,deg,34752,34752,3653,10.51162523,3646,187,0,75.69206304,95.42460861,4,635,503,594,79.21259843,14.33070866,-35.245
nuscenes,scene-1094_008,lateral,-0.1,m,34752,34752,3649,10.5001151,3646,14,0,5.395250332,23.17133317,4,635,595,594,93.7007874,-0.157480315,-35.245
nuscenes,scene-1094_008,lateral,-0.05,m,34752,34752,3648,10.49723757,3646,7,0,2.697604465,11.58528434,4,635,594,594,93.54330709,0,-35.245
nuscenes,scene-1094_008,lateral,-0.02,m,34752,34752,3650,10.50299263,3646,0,0,1.079036818,4.634022004,4,635,594,594,93.54330709,0,-35.245
nuscenes,scene-1094_008,lateral,0.02,m,34752,34752,3649,10.5001151,3646,3,0,1.079030193,4.633899698,4,635,593,594,93.38582677,0.157480315,-35.245
nuscenes,scene-1094_008,lateral,0.05,m,34752,34752,3649,10.5001151,3646,7,0,2.697563063,11.58451993,4,635,592,594,93.22834646,0.3149606299,-35.245
nuscenes,scene-1094_008,lateral,0.1,m,34752,34752,3650,10.50299263,3646,15,0,5.395084726,23.16827553,4,635,591,594,93.07086614,0.4724409449,-35.245
nuscenes,scene-1094_008,pitch,-1,deg,34752,34752,3746,10.77923573,3646,3,0,23.27640891,26.93270054,4,635,574,594,90.39370079,3.149606299,-35.245
nuscenes,scene-1094_008,pitch,1,deg,34752,34752,3522,10.13466851,3646,125,0,23.20089447,27.26662182,4,635,591,594,93.07086614,0.4724409449,-35.245
nuscenes,scene-1094_008,roll,-1,deg,34752,34752,3646,10.4914825,3646,25,0,7.638931144,13.69977912,4,635,594,594,93.54330709,0,-35.245
nuscenes,scene-1094_008,roll,1,deg,34752,34752,3655,10.51738029,3646,21,0,7.638801381,13.698417,4,635,593,594,93.38582677,0.157480315,-35.245
nuscenes,scene-1094_009,baseline,0,none,34720,34720,3620,10.42626728,3620,0,0,0,0,3,583,410,410,70.32590051,0,-35.631
nuscenes,scene-1094_009,yaw,-3,deg,34720,34720,3607,10.38882488,3620,188,0,75.62634101,94.2530521,3,583,434,410,74.44253859,-4.116638079,-35.631
nuscenes,scene-1094_009,yaw,-2,deg,34720,34720,3615,10.41186636,3620,123,0,50.35617025,62.68484797,3,583,438,410,75.12864494,-4.802744425,-35.631
nuscenes,scene-1094_009,yaw,-1,deg,34720,34720,3618,10.42050691,3620,62,0,25.17411554,31.24856604,3,583,434,410,74.44253859,-4.116638079,-35.631
nuscenes,scene-1094_009,yaw,-0.5,deg,34720,34720,3617,10.41762673,3620,29,0,12.58408808,15.60885034,3,583,423,410,72.55574614,-2.229845626,-35.631
nuscenes,scene-1094_009,yaw,0.5,deg,34720,34720,3624,10.43778802,3620,29,0,12.57502389,15.67187174,3,583,398,410,68.26758148,2.058319039,-35.631
nuscenes,scene-1094_009,yaw,1,deg,34720,34720,3633,10.46370968,3620,51,0,25.16062125,31.38513626,3,583,388,410,66.55231561,3.773584906,-35.631
nuscenes,scene-1094_009,yaw,2,deg,34720,34720,3636,10.47235023,3620,113,0,50.3012902,63.17324382,3,583,349,410,59.86277873,10.46312178,-35.631
nuscenes,scene-1094_009,yaw,3,deg,34720,34720,3641,10.48675115,3620,174,0,75.4217762,95.40060982,3,583,298,410,51.11492281,19.2109777,-35.631
nuscenes,scene-1094_009,lateral,-0.1,m,34720,34720,3626,10.44354839,3620,15,0,5.811057748,23.99700129,3,583,430,410,73.75643225,-3.430531732,-35.631
nuscenes,scene-1094_009,lateral,-0.05,m,34720,34720,3620,10.42626728,3620,11,0,2.905515494,11.99827227,3,583,420,410,72.04116638,-1.715265866,-35.631
nuscenes,scene-1094_009,lateral,-0.02,m,34720,34720,3621,10.42914747,3620,1,0,1.162202986,4.799254101,3,583,412,410,70.66895369,-0.3430531732,-35.631
nuscenes,scene-1094_009,lateral,0.02,m,34720,34720,3617,10.41762673,3620,7,0,1.162198705,4.799181027,3,583,404,410,69.29674099,1.02915952,-35.631
nuscenes,scene-1094_009,lateral,0.05,m,34720,34720,3620,10.42626728,3620,10,0,2.905488735,11.99781556,3,583,401,410,68.78216123,1.54373928,-35.631
nuscenes,scene-1094_009,lateral,0.1,m,34720,34720,3622,10.43202765,3620,16,0,5.81095071,23.99517442,3,583,398,410,68.26758148,2.058319039,-35.631
nuscenes,scene-1094_009,pitch,-1,deg,34720,34720,3719,10.71140553,3620,1,0,23.29158922,27.06073043,3,583,411,410,70.4974271,-0.1715265866,-35.631
nuscenes,scene-1094_009,pitch,1,deg,34720,34720,3494,10.06336406,3620,128,0,23.22510528,27.39676039,3,583,402,410,68.95368782,1.372212693,-35.631
nuscenes,scene-1094_009,roll,-1,deg,34720,34720,3622,10.43202765,3620,25,0,7.513774599,13.62252096,3,583,411,410,70.4974271,-0.1715265866,-35.631
nuscenes,scene-1094_009,roll,1,deg,34720,34720,3625,10.4406682,3620,20,0,7.514574964,13.62094506,3,583,405,410,69.46826758,0.8576329331,-35.631
nuscenes,scene-1094_010,baseline,0,none,34688,34688,3592,10.35516605,3592,0,0,0,0,5,629,321,321,51.03338633,0,-35.018
nuscenes,scene-1094_010,yaw,-3,deg,34688,34688,3550,10.23408672,3592,193,0,75.97406524,94.57977447,5,629,333,321,52.94117647,-1.907790143,-35.018
nuscenes,scene-1094_010,yaw,-2,deg,34688,34688,3565,10.27732934,3592,129,0,50.63706014,62.83252553,5,629,341,321,54.21303657,-3.179650238,-35.018
nuscenes,scene-1094_010,yaw,-1,deg,34688,34688,3581,10.3234548,3592,62,0,25.31201086,31.30315919,5,629,338,321,53.73608903,-2.702702703,-35.018
nuscenes,scene-1094_010,yaw,-0.5,deg,34688,34688,3584,10.33210332,3592,32,0,12.66112234,15.63436691,5,629,331,321,52.62321145,-1.589825119,-35.018
nuscenes,scene-1094_010,yaw,0.5,deg,34688,34688,3594,10.36093173,3592,30,0,12.66558701,15.66813826,5,629,309,321,49.12559618,1.907790143,-35.018
nuscenes,scene-1094_010,yaw,1,deg,34688,34688,3600,10.37822878,3592,55,0,25.33914872,31.3862011,5,629,297,321,47.21780604,3.815580286,-35.018
nuscenes,scene-1094_010,yaw,2,deg,34688,34688,3609,10.40417435,3592,110,0,50.69442931,63.06700235,5,629,263,321,41.81240064,9.220985692,-35.018
nuscenes,scene-1094_010,yaw,3,deg,34688,34688,3618,10.43011993,3592,164,0,76.00671178,95.25859599,5,629,215,321,34.18124006,16.85214626,-35.018
nuscenes,scene-1094_010,lateral,-0.1,m,34688,34688,3594,10.36093173,3592,18,0,6.549896767,24.7110546,5,629,335,321,53.25914149,-2.225755167,-35.018
nuscenes,scene-1094_010,lateral,-0.05,m,34688,34688,3592,10.35516605,3592,9,0,3.274963009,12.35573546,5,629,328,321,52.14626391,-1.112877583,-35.018
nuscenes,scene-1094_010,lateral,-0.02,m,34688,34688,3592,10.35516605,3592,5,0,1.309988714,4.942344145,5,629,324,321,51.51033386,-0.4769475358,-35.018
nuscenes,scene-1094_010,lateral,0.02,m,34688,34688,3589,10.34651753,3592,5,0,1.309993394,4.94241076,5,629,317,321,50.39745628,0.6359300477,-35.018
nuscenes,scene-1094_010,lateral,0.05,m,34688,34688,3590,10.34940037,3592,11,0,3.27499226,12.35615181,5,629,314,321,49.92050874,1.112877583,-35.018
nuscenes,scene-1094_010,lateral,0.1,m,34688,34688,3589,10.34651753,3592,23,0,6.550013771,24.71271998,5,629,306,321,48.64864865,2.384737679,-35.018
nuscenes,scene-1094_010,pitch,-1,deg,34688,34688,3688,10.63191882,3592,3,0,23.32970077,27.21305492,5,629,313,321,49.76152623,1.271860095,-35.018
nuscenes,scene-1094_010,pitch,1,deg,34688,34688,3463,9.98327952,3592,129,0,23.29956245,27.55390333,5,629,285,321,45.3100159,5.723370429,-35.018
nuscenes,scene-1094_010,roll,-1,deg,34688,34688,3595,10.36381458,3592,28,0,7.621566512,13.6630486,5,629,325,321,51.66931638,-0.6359300477,-35.018
nuscenes,scene-1094_010,roll,1,deg,34688,34688,3595,10.36381458,3592,19,0,7.622386394,13.66123527,5,629,319,321,50.7154213,0.3179650238,-35.018
nuscenes,scene-1094_011,baseline,0,none,34688,34688,3559,10.26003229,3559,0,0,0,0,6,625,315,315,50.4,0,-34.853
nuscenes,scene-1094_011,yaw,-3,deg,34688,34688,3478,10.02652214,3559,188,0,75.94191475,94.02950101,6,625,303,315,48.48,1.92,-34.853
nuscenes,scene-1094_011,yaw,-2,deg,34688,34688,3504,10.10147601,3559,124,0,50.60146903,62.37100655,6,625,326,315,52.16,-1.76,-34.853
nuscenes,scene-1094_011,yaw,-1,deg,34688,34688,3530,10.17642989,3559,65,0,25.30195368,31.09857629,6,625,336,315,53.76,-3.36,-34.853
nuscenes,scene-1094_011,yaw,-0.5,deg,34688,34688,3543,10.21390683,3559,32,0,12.64566563,15.51283402,6,625,323,315,51.68,-1.28,-34.853
nuscenes,scene-1094_011,yaw,0.5,deg,34688,34688,3567,10.28309502,3559,23,0,12.6480363,15.51725229,6,625,304,315,48.64,1.76,-34.853
nuscenes,scene-1094_011,yaw,1,deg,34688,34688,3579,10.31768911,3559,42,0,25.30104899,31.04336008,6,625,295,315,47.2,3.2,-34.853
nuscenes,scene-1094_011,yaw,2,deg,34688,34688,3599,10.37534594,3559,86,0,50.5626295,62.31184236,6,625,268,315,42.88,7.52,-34.853
nuscenes,scene-1094_011,yaw,3,deg,34688,34688,3606,10.39552583,3559,138,0,75.87598561,93.80147164,6,625,233,315,37.28,13.12,-34.853
nuscenes,scene-1094_011,lateral,-0.1,m,34688,34688,3553,10.24273524,3559,20,0,7.308125991,24.34085522,6,625,324,315,51.84,-1.44,-34.853
nuscenes,scene-1094_011,lateral,-0.05,m,34688,34688,3557,10.25426661,3559,9,0,3.654121535,12.17107701,6,625,319,315,51.04,-0.64,-34.853
nuscenes,scene-1094_011,lateral,-0.02,m,34688,34688,3557,10.25426661,3559,2,0,1.461662664,4.868586674,6,625,315,315,50.4,0,-34.853
nuscenes,scene-1094_011,lateral,0.02,m,34688,34688,3555,10.24850092,3559,7,0,1.461681397,4.868794516,6,625,311,315,49.76,0.64,-34.853
nuscenes,scene-1094_011,lateral,0.05,m,34688,34688,3560,10.26291513,3559,10,0,3.654238619,12.17237602,6,625,308,315,49.28,1.12,-34.853
nuscenes,scene-1094_011,lateral,0.1,m,34688,34688,3560,10.26291513,3559,19,0,7.308594329,24.34605126,6,625,305,315,48.8,1.6,-34.853
nuscenes,scene-1094_011,pitch,-1,deg,34688,34688,3652,10.52813653,3559,0,0,23.32921982,27.17848435,6,625,306,315,48.96,1.44,-34.853
nuscenes,scene-1094_011,pitch,1,deg,34688,34688,3436,9.905442804,3559,127,0,23.30885101,27.51490871,6,625,303,315,48.48,1.92,-34.853
nuscenes,scene-1094_011,roll,-1,deg,34688,34688,3561,10.26579797,3559,23,0,7.621970029,13.56196725,6,625,315,315,50.4,0,-34.853
nuscenes,scene-1094_011,roll,1,deg,34688,34688,3560,10.26291513,3559,23,0,7.62225946,13.56486396,6,625,313,315,50.08,0.32,-34.853
nuscenes,scene-1094_012,baseline,0,none,34752,34752,3384,9.737569061,3384,0,0,0,0,6,610,392,392,64.26229508,0,-35.276
nuscenes,scene-1094_012,yaw,-3,deg,34752,34752,3300,9.495856354,3384,195,0,75.62809292,94.52255763,6,610,361,392,59.18032787,5.081967213,-35.276
nuscenes,scene-1094_012,yaw,-2,deg,34752,34752,3325,9.567794659,3384,131,0,50.3894546,62.68320778,6,610,386,392,63.27868852,0.9836065574,-35.276
nuscenes,scene-1094_012,yaw,-1,deg,34752,34752,3355,9.654120626,3384,66,0,25.19683029,31.19421888,6,610,404,392,66.2295082,-1.967213115,-35.276
nuscenes,scene-1094_012,yaw,-0.5,deg,34752,34752,3366,9.685773481,3384,35,0,12.59940882,15.53714575,6,610,399,392,65.40983607,-1.147540984,-35.276
nuscenes,scene-1094_012,yaw,0.5,deg,34752,34752,3396,9.772099448,3384,19,0,12.6004709,15.48068066,6,610,382,392,62.62295082,1.639344262,-35.276
nuscenes,scene-1094_012,yaw,1,deg,34752,34752,3419,9.838282689,3384,32,0,25.19640784,30.93403905,6,610,373,392,61.14754098,3.114754098,-35.276
nuscenes,scene-1094_012,yaw,2,deg,34752,34752,3459,9.953383978,3384,60,0,50.35719722,61.98573405,6,610,345,392,56.55737705,7.704918033,-35.276
nuscenes,scene-1094_012,yaw,3,deg,34752,34752,3479,10.01093462,3384,102,0,75.55590303,93.2586054,6,610,303,392,49.67213115,14.59016393,-35.276
nuscenes,scene-1094_012,lateral,-0.1,m,34752,34752,3380,9.726058932,3384,19,0,8.395702365,24.77033538,6,610,400,392,65.57377049,-1.31147541,-35.276
nuscenes,scene-1094_012,lateral,-0.05,m,34752,34752,3386,9.743324125,3384,7,0,4.197968174,12.3861872,6,610,397,392,65.08196721,-0.8196721311,-35.276
nuscenes,scene-1094_012,lateral,-0.02,m,34752,34752,3381,9.728936464,3384,4,0,1.679215349,4.954719595,6,610,393,392,64.42622951,-0.1639344262,-35.276
nuscenes,scene-1094_012,lateral,0.02,m,34752,34752,3383,9.734691529,3384,6,0,1.679252789,4.955045919,6,610,390,392,63.93442623,0.3278688525,-35.276
nuscenes,scene-1094_012,lateral,0.05,m,34752,34752,3387,9.746201657,3384,9,0,4.198202177,12.38822673,6,610,387,392,63.44262295,0.8196721311,-35.276
nuscenes,scene-1094_012,lateral,0.1,m,34752,34752,3386,9.743324125,3384,17,0,8.396638376,24.77849348,6,610,383,392,62.78688525,1.475409836,-35.276
nuscenes,scene-1094_012,pitch,-1,deg,34752,34752,3481,10.01668969,3384,0,0,23.37103778,27.25840594,6,610,391,392,64.09836066,0.1639344262,-35.276
nuscenes,scene-1094_012,pitch,1,deg,34752,34752,3260,9.380755064,3384,127,0,23.36991133,27.60359341,6,610,365,392,59.83606557,4.426229508,-35.276
nuscenes,scene-1094_012,roll,-1,deg,34752,34752,3389,9.751956722,3384,20,0,7.383484042,13.58878074,6,610,393,392,64.42622951,-0.1639344262,-35.276
nuscenes,scene-1094_012,roll,1,deg,34752,34752,3383,9.734691529,3384,23,0,7.382995352,13.5880871,6,610,390,392,63.93442623,0.3278688525,-35.276
nuscenes,scene-1094_013,baseline,0,none,34752,34752,3177,9.14191989,3177,0,0,0,0,5,484,432,432,89.25619835,0,-35.257
nuscenes,scene-1094_013,yaw,-3,deg,34752,34752,3120,8.977900552,3177,186,0,76.07615126,94.8597474,5,484,382,432,78.92561983,10.33057851,-35.257
nuscenes,scene-1094_013,yaw,-2,deg,34752,34752,3142,9.041206262,3177,124,0,50.66321288,63.011235,5,484,413,432,85.33057851,3.925619835,-35.257
nuscenes,scene-1094_013,yaw,-1,deg,34752,34752,3157,9.084369245,3177,65,0,25.29533562,31.38548491,5,484,431,432,89.04958678,0.2066115702,-35.257
nuscenes,scene-1094_013,yaw,-0.5,deg,34752,34752,3171,9.124654696,3177,33,0,12.64057696,15.67321863,5,484,438,432,90.49586777,-1.239669421,-35.257
nuscenes,scene-1094_013,yaw,0.5,deg,34752,34752,3181,9.153430018,3177,21,0,12.6224454,15.69451057,5,484,425,432,87.80991736,1.446280992,-35.257
nuscenes,scene-1094_013,yaw,1,deg,34752,34752,3187,9.170695212,3177,45,0,25.25122331,31.39016934,5,484,415,432,85.74380165,3.512396694,-35.257
nuscenes,scene-1094_013,yaw,2,deg,34752,34752,3203,9.216735727,3177,95,0,50.45695754,63.00613797,5,484,382,432,78.92561983,10.33057851,-35.257
nuscenes,scene-1094_013,yaw,3,deg,34752,34752,3223,9.274286372,3177,134,0,75.68062549,95.14613304,5,484,340,432,70.24793388,19.00826446,-35.257
nuscenes,scene-1094_013,lateral,-0.1,m,34752,34752,3173,9.130409761,3177,23,0,9.749024736,25.47875475,5,484,438,432,90.49586777,-1.239669421,-35.257
nuscenes,scene-1094_013,lateral,-0.05,m,34752,34752,3174,9.133287293,3177,11,0,4.874724189,12.74083486,5,484,436,432,90.08264463,-0.826446281,-35.257
nuscenes,scene-1094_013,lateral,-0.02,m,34752,34752,3178,9.144797422,3177,6,0,1.949940516,5.096683804,5,484,435,432,89.87603306,-0.6198347107,-35.257
nuscenes,scene-1094_013,lateral,0.02,m,34752,34752,3177,9.14191989,3177,3,0,1.950008308,5.097150359,5,484,431,432,89.04958678,0.2066115702,-35.257
nuscenes,scene-1094_013,lateral,0.05,m,34752,34752,3179,9.147674954,3177,6,0,4.875147886,12.74375083,5,484,430,432,88.84297521,0.4132231405,-35.257
nuscenes,scene-1094_013,lateral,0.1,m,34752,34752,3175,9.136164825,3177,16,0,9.750719524,25.49041863,5,484,426,432,88.01652893,1.239669421,-35.257
nuscenes,scene-1094_013,pitch,-1,deg,34752,34752,3276,9.42679558,3177,4,0,23.48616523,27.36254944,5,484,434,432,89.66942149,-0.4132231405,-35.257
nuscenes,scene-1094_013,pitch,1,deg,34752,34752,3052,8.782228361,3177,125,0,23.50634833,27.72015298,5,484,430,432,88.84297521,0.4132231405,-35.257
nuscenes,scene-1094_013,roll,-1,deg,34752,34752,3181,9.153430018,3177,23,0,7.432117153,13.74048326,5,484,435,432,89.87603306,-0.6198347107,-35.257
nuscenes,scene-1094_013,roll,1,deg,34752,34752,3179,9.147674954,3177,24,0,7.433106316,13.73818456,5,484,432,432,89.25619835,0,-35.257
nuscenes,scene-1094_014,baseline,0,none,34720,34720,2899,8.349654378,2899,0,0,0,0,4,526,526,526,100,0,-35.573
nuscenes,scene-1094_014,yaw,-3,deg,34720,34720,2874,8.27764977,2899,188,0,76.85966259,94.77372501,4,526,443,526,84.22053232,15.77946768,-35.573
nuscenes,scene-1094_014,yaw,-2,deg,34720,34720,2878,8.289170507,2899,125,0,51.20664087,62.90002926,4,526,482,526,91.63498099,8.365019011,-35.573
nuscenes,scene-1094_014,yaw,-1,deg,34720,34720,2883,8.303571429,2899,64,0,25.57281757,31.35887231,4,526,515,526,97.90874525,2.091254753,-35.573
nuscenes,scene-1094_014,yaw,-0.5,deg,34720,34720,2887,8.315092166,2899,33,0,12.77824943,15.66587088,4,526,525,526,99.80988593,0.1901140684,-35.573
nuscenes,scene-1094_014,yaw,0.5,deg,34720,34720,2903,8.361175115,2899,28,0,12.7666517,15.69803616,4,526,526,526,100,0,-35.573
nuscenes,scene-1094_014,yaw,1,deg,34720,34720,2914,8.392857143,2899,48,0,25.50321582,31.41366779,4,526,518,526,98.47908745,1.520912548,-35.573
nuscenes,scene-1094_014,yaw,2,deg,34720,34720,2940,8.467741935,2899,88,0,51.00277358,63.04981535,4,526,486,526,92.39543726,7.604562738,-35.573
nuscenes,scene-1094_014,yaw,3,deg,34720,34720,2974,8.565668203,2899,120,0,76.46965606,94.95828232,4,526,452,526,85.93155894,14.06844106,-35.573
nuscenes,scene-1094_014,lateral,-0.1,m,34720,34720,2892,8.329493088,2899,20,0,11.5665903,25.39267255,4,526,525,526,99.80988593,0.1901140684,-35.573
nuscenes,scene-1094_014,lateral,-0.05,m,34720,34720,2894,8.335253456,2899,11,0,5.783627435,12.69793856,4,526,526,526,100,0,-35.573
nuscenes,scene-1094_014,lateral,-0.02,m,34720,34720,2899,8.349654378,2899,1,0,2.31353073,5.07956005,4,526,526,526,100,0,-35.573
nuscenes,scene-1094_014,lateral,0.02,m,34720,34720,2894,8.335253456,2899,7,0,2.31363708,5.080072975,4,526,526,526,100,0,-35.573
nuscenes,scene-1094_014,lateral,0.05,m,34720,34720,2900,8.352534562,2899,10,0,5.784292122,12.70114434,4,526,526,526,100,0,-35.573
nuscenes,scene-1094_014,lateral,0.1,m,34720,34720,2903,8.361175115,2899,15,0,11.56924905,25.40549568,4,526,526,526,100,0,-35.573
nuscenes,scene-1094_014,pitch,-1,deg,34720,34720,3000,8.640552995,2899,2,0,23.68960385,27.35949663,4,526,526,526,100,0,-35.573
nuscenes,scene-1094_014,pitch,1,deg,34720,34720,2781,8.009792627,2899,120,0,23.79679298,27.71507435,4,526,492,526,93.53612167,6.463878327,-35.573
nuscenes,scene-1094_014,roll,-1,deg,34720,34720,2903,8.361175115,2899,21,0,7.889004381,13.80991919,4,526,526,526,100,0,-35.573
nuscenes,scene-1094_014,roll,1,deg,34720,34720,2899,8.349654378,2899,28,0,7.890154109,13.80863024,4,526,526,526,100,0,-35.573
nuscenes,scene-1094_015,baseline,0,none,34752,34752,2825,8.129028545,2825,0,0,0,0,5,724,433,433,59.80662983,0,-35.995
nuscenes,scene-1094_015,yaw,-3,deg,34752,34752,2816,8.103130755,2825,187,0,77.70682024,95.29005848,5,724,319,433,44.06077348,15.74585635,-35.995
nuscenes,scene-1094_015,yaw,-2,deg,34752,34752,2819,8.111763352,2825,125,0,51.84665596,63.1727886,5,724,358,433,49.44751381,10.35911602,-35.995
nuscenes,scene-1094_015,yaw,-1,deg,34752,34752,2819,8.111763352,2825,65,0,25.91726689,31.43581463,5,724,398,433,54.97237569,4.834254144,-35.995
nuscenes,scene-1094_015,yaw,-0.5,deg,34752,34752,2829,8.140538674,2825,24,0,12.95754318,15.74009674,5,724,421,433,58.14917127,1.657458564,-35.995
nuscenes,scene-1094_015,yaw,0.5,deg,34752,34752,2838,8.166436464,2825,29,0,12.95915847,15.76407715,5,724,449,433,62.01657459,-2.209944751,-35.995
nuscenes,scene-1094_015,yaw,1,deg,34752,34752,2832,8.149171271,2825,61,0,25.92530532,31.57879218,5,724,448,433,61.87845304,-2.071823204,-35.995
nuscenes,scene-1094_015,yaw,2,deg,34752,34752,2830,8.143416206,2825,127,0,51.82846876,63.41643134,5,724,445,433,61.4640884,-1.657458564,-35.995
nuscenes,scene-1094_015,yaw,3,deg,34752,34752,2825,8.129028545,2825,186,0,77.72061516,95.79175466,5,724,418,433,57.73480663,2.071823204,-35.995
nuscenes,scene-1094_015,lateral,-0.1,m,34752,34752,2820,8.114640884,2825,22,0,12.3252746,25.14952163,5,724,422,433,58.28729282,1.519337017,-35.995
nuscenes,scene-1094_015,lateral,-0.05,m,34752,34752,2824,8.126151013,2825,9,0,6.162972104,12.57616374,5,724,428,433,59.1160221,0.6906077348,-35.995
nuscenes,scene-1094_015,lateral,-0.02,m,34752,34752,2826,8.131906077,2825,1,0,2.465269201,5.030802257,5,724,432,433,59.66850829,0.138121547,-35.995
nuscenes,scene-1094_015,lateral,0.02,m,34752,34752,2828,8.137661142,2825,4,0,2.465376356,5.031251343,5,724,436,433,60.22099448,-0.4143646409,-35.995
nuscenes,scene-1094_015,lateral,0.05,m,34752,34752,2830,8.143416206,2825,9,0,6.163641819,12.57897053,5,724,441,433,60.91160221,-1.104972376,-35.995
nuscenes,scene-1094_015,lateral,0.1,m,34752,34752,2836,8.1606814,2825,18,0,12.32795346,25.16074878,5,724,446,433,61.60220994,-1.79558011,-35.995
nuscenes,scene-1094_015,pitch,-1,deg,34752,34752,2934,8.442679558,2825,0,0,23.76545906,27.24556902,5,724,433,433,59.80662983,0,-35.995
nuscenes,scene-1094_015,pitch,1,deg,34752,34752,2709,7.795234807,2825,116,0,23.82706735,27.59558558,5,724,418,433,57.73480663,2.071823204,-35.995
nuscenes,scene-1094_015,roll,-1,deg,34752,34752,2832,8.149171271,2825,22,0,8.51541278,13.84530384,5,724,432,433,59.66850829,0.138121547,-35.995
nuscenes,scene-1094_015,roll,1,deg,34752,34752,2833,8.152048803,2825,22,0,8.514407862,13.84248257,5,724,432,433,59.66850829,0.138121547,-35.995
nuscenes,scene-1094_016,baseline,0,none,34816,34816,2790,8.013556985,2790,0,0,0,0,5,618,152,152,24.59546926,0,-37
nuscenes,scene-1094_016,yaw,-3,deg,34816,34816,2810,8.071001838,2790,164,0,76.55598407,94.48843048,5,618,86,152,13.91585761,10.67961165,-37
nuscenes,scene-1094_016,yaw,-2,deg,34816,34816,2803,8.05089614,2790,105,0,51.10905098,62.8859928,5,618,116,152,18.77022654,5.825242718,-37
nuscenes,scene-1094_016,yaw,-1,deg,34816,34816,2782,7.990579044,2790,59,0,25.53921983,31.38012815,5,618,133,152,21.5210356,3.074433657,-37
nuscenes,scene-1094_016,yaw,-0.5,deg,34816,34816,2782,7.990579044,2790,32,0,12.77366465,15.67302956,5,618,141,152,22.81553398,1.779935275,-37
nuscenes,scene-1094_016,yaw,0.5,deg,34816,34816,2791,8.016429228,2790,29,0,12.78394362,15.6767912,5,618,158,152,25.56634304,-0.9708737864,-37
nuscenes,scene-1094_016,yaw,1,deg,34816,34816,2802,8.048023897,2790,43,0,25.58485023,31.31931667,5,618,151,152,24.43365696,0.1618122977,-37
nuscenes,scene-1094_016,yaw,2,deg,34816,34816,2825,8.114085478,2790,79,0,51.17213658,62.768447,5,618,145,152,23.46278317,1.132686084,-37
nuscenes,scene-1094_016,yaw,3,deg,34816,34816,2830,8.128446691,2790,134,0,76.84312049,94.52925725,5,618,133,152,21.5210356,3.074433657,-37
nuscenes,scene-1094_016,lateral,-0.1,m,34816,34816,2791,8.016429228,2790,23,0,11.82648703,25.16972416,5,618,141,152,22.81553398,1.779935275,-37
nuscenes,scene-1094_016,lateral,-0.05,m,34816,34816,2790,8.013556985,2790,11,0,5.913346612,12.5853297,5,618,147,152,23.78640777,0.8090614887,-37
nuscenes,scene-1094_016,lateral,-0.02,m,34816,34816,2787,8.004940257,2790,7,0,2.365363388,5.034244117,5,618,147,152,23.78640777,0.8090614887,-37
nuscenes,scene-1094_016,lateral,0.02,m,34816,34816,2788,8.0078125,2790,6,0,2.365396381,5.034393773,5,618,153,152,24.75728155,-0.1618122977,-37
nuscenes,scene-1094_016,lateral,0.05,m,34816,34816,2786,8.002068015,2790,15,0,5.913552813,12.58626505,5,618,153,152,24.75728155,-0.1618122977,-37
nuscenes,scene-1094_016,lateral,0.1,m,34816,34816,2788,8.0078125,2790,26,0,11.82731184,25.17346556,5,618,158,152,25.56634304,-0.9708737864,-37
nuscenes,scene-1094_016,pitch,-1,deg,34816,34816,2889,8.297909007,2790,2,0,23.64166049,27.06474481,5,618,148,152,23.94822006,0.6472491909,-37
nuscenes,scene-1094_016,pitch,1,deg,34816,34816,2674,7.680376838,2790,122,0,23.69200802,27.41833657,5,618,112,152,18.12297735,6.472491909,-37
nuscenes,scene-1094_016,roll,-1,deg,34816,34816,2788,8.0078125,2790,28,0,8.147220295,13.76646003,5,618,144,152,23.30097087,1.294498382,-37
nuscenes,scene-1094_016,roll,1,deg,34816,34816,2798,8.036534926,2790,21,0,8.147744192,13.76389417,5,618,153,152,24.75728155,-0.1618122977,-37
nuscenes,scene-1094_017,baseline,0,none,34752,34752,2795,8.042702578,2795,0,0,0,0,4,180,120,120,66.66666667,0,-37.959
nuscenes,scene-1094_017,yaw,-3,deg,34752,34752,2818,8.10888582,2795,111,0,76.45285119,93.89958668,4,180,69,120,38.33333333,28.33333333,-37.959
nuscenes,scene-1094_017,yaw,-2,deg,34752,34752,2824,8.126151013,2795,75,0,50.99964635,62.52453207,4,180,87,120,48.33333333,18.33333333,-37.959
nuscenes,scene-1094_017,yaw,-1,deg,34752,34752,2807,8.077232965,2795,41,0,25.49536303,31.34125252,4,180,104,120,57.77777778,8.888888889,-37.959
nuscenes,scene-1094_017,yaw,-0.5,deg,34752,34752,2800,8.057090239,2795,24,0,12.75477678,15.69894495,4,180,113,120,62.77777778,3.888888889,-37.959
nuscenes,scene-1094_017,yaw,0.5,deg,34752,34752,2793,8.036947514,2795,25,0,12.75969858,15.76880419,4,180,122,120,67.77777778,-1.111111111,-37.959
nuscenes,scene-1094_017,yaw,1,deg,34752,34752,2791,8.031192449,2795,56,0,25.53396764,31.58734032,4,180,118,120,65.55555556,1.111111111,-37.959
nuscenes,scene-1094_017,yaw,2,deg,34752,34752,2786,8.016804788,2795,113,0,51.08922971,63.51584975,4,180,113,120,62.77777778,3.888888889,-37.959
nuscenes,scene-1094_017,yaw,3,deg,34752,34752,2786,8.016804788,2795,173,0,76.64257855,95.86752516,4,180,94,120,52.22222222,14.44444444,-37.959
nuscenes,scene-1094_017,lateral,-0.1,m,34752,34752,2796,8.04558011,2795,20,0,12.14120002,26.61587327,4,180,115,120,63.88888889,2.777777778,-37.959
nuscenes,scene-1094_017,lateral,-0.05,m,34752,34752,2797,8.048457643,2795,10,0,6.070522509,13.30756396,4,180,117,120,65,1.666666667,-37.959
nuscenes,scene-1094_017,lateral,-0.02,m,34752,34752,2791,8.031192449,2795,8,0,2.428190403,5.322936148,4,180,118,120,65.55555556,1.111111111,-37.959
nuscenes,scene-1094_017,lateral,0.02,m,34752,34752,2792,8.034069982,2795,4,0,2.428165603,5.322816903,4,180,120,120,66.66666667,0,-37.959
nuscenes,scene-1094_017,lateral,0.05,m,34752,34752,2796,8.04558011,2795,7,0,6.070367509,13.30681868,4,180,120,120,66.66666667,0,-37.959
nuscenes,scene-1094_017,lateral,0.1,m,34752,34752,2796,8.04558011,2795,16,0,12.14058002,26.61289215,4,180,121,120,67.22222222,-0.5555555556,-37.959
nuscenes,scene-1094_017,pitch,-1,deg,34752,34752,2887,8.307435543,2795,1,0,23.68415795,27.17818724,4,180,111,120,61.66666667,5,-37.959
nuscenes,scene-1094_017,pitch,1,deg,34752,34752,2670,7.68301105,2795,126,0,23.74648111,27.53695772,4,180,97,120,53.88888889,12.77777778,-37.959
nuscenes,scene-1094_017,roll,-1,deg,34752,34752,2792,8.034069982,2795,26,0,8.039885889,13.90487434,4,180,119,120,66.11111111,0.5555555556,-37.959
nuscenes,scene-1094_017,roll,1,deg,34752,34752,2800,8.057090239,2795,20,0,8.039184771,13.90392464,4,180,120,120,66.66666667,0,-37.959
nuscenes,scene-1094_018,baseline,0,none,34688,34688,2766,7.973939114,2766,0,0,0,0,3,118,87,87,73.72881356,0,-37.842
nuscenes,scene-1094_018,yaw,-3,deg,34688,34688,2821,8.132495387,2766,121,0,75.91403491,93.69904847,3,118,48,87,40.6779661,33.05084746,-37.842
nuscenes,scene-1094_018,yaw,-2,deg,34688,34688,2804,8.083487085,2766,81,0,50.67687327,62.44603776,3,118,63,87,53.38983051,20.33898305,-37.842
nuscenes,scene-1094_018,yaw,-1,deg,34688,34688,2779,8.011416052,2766,44,0,25.38149953,31.26011716,3,118,75,87,63.55932203,10.16949153,-37.842
nuscenes,scene-1094_018,yaw,-0.5,deg,34688,34688,2768,7.979704797,2766,25,0,12.68943899,15.64227629,3,118,82,87,69.49152542,4.237288136,-37.842
nuscenes,scene-1094_018,yaw,0.5,deg,34688,34688,2757,7.947993542,2766,28,0,12.70233685,15.69181915,3,118,87,87,73.72881356,0,-37.842
nuscenes,scene-1094_018,yaw,1,deg,34688,34688,2757,7.947993542,2766,53,0,25.40830022,31.45198054,3,118,92,87,77.96610169,-4.237288136,-37.842
nuscenes,scene-1094_018,yaw,2,deg,34688,34688,2740,7.89898524,2766,113,0,50.86544569,63.21219195,3,118,92,87,77.96610169,-4.237288136,-37.842
nuscenes,scene-1094_018,yaw,3,deg,34688,34688,2728,7.864391144,2766,166,0,76.4018404,95.58414554,3,118,84,87,71.18644068,2.542372881,-37.842
nuscenes,scene-1094_018,lateral,-0.1,m,34688,34688,2764,7.968173432,2766,24,0,11.98369345,25.80010848,3,118,85,87,72.03389831,1.694915254,-37.842
nuscenes,scene-1094_018,lateral,-0.05,m,34688,34688,2763,7.96529059,2766,13,0,5.991798112,12.89982893,3,118,85,87,72.03389831,1.694915254,-37.842
nuscenes,scene-1094_018,lateral,-0.02,m,34688,34688,2765,7.971056273,2766,5,0,2.396707577,5.159877496,3,118,86,87,72.88135593,0.8474576271,-37.842
nuscenes,scene-1094_018,lateral,0.02,m,34688,34688,2766,7.973939114,2766,2,0,2.396692021,5.159805399,3,118,87,87,73.72881356,0,-37.842
nuscenes,scene-1094_018,lateral,0.05,m,34688,34688,2764,7.968173432,2766,9,0,5.991700886,12.89937832,3,118,87,87,73.72881356,0,-37.842
nuscenes,scene-1094_018,lateral,0.1,m,34688,34688,2761,7.959524908,2766,22,0,11.98330455,25.79830606,3,118,86,87,72.88135593,0.8474576271,-37.842
nuscenes,scene-1094_018,pitch,-1,deg,34688,34688,2851,8.218980627,2766,0,0,23.62641765,26.90955235,3,118,75,87,63.55932203,10.16949153,-37.842
nuscenes,scene-1094_018,pitch,1,deg,34688,34688,2637,7.602052583,2766,129,0,23.65064711,27.26198457,3,118,85,87,72.03389831,1.694915254,-37.842
nuscenes,scene-1094_018,roll,-1,deg,34688,34688,2765,7.971056273,2766,24,0,8.035969696,13.85038894,3,118,87,87,73.72881356,0,-37.842
nuscenes,scene-1094_018,roll,1,deg,34688,34688,2772,7.991236162,2766,17,0,8.035187991,13.84946142,3,118,87,87,73.72881356,0,-37.842
nuscenes,scene-1094_019,baseline,0,none,34688,34688,2829,8.155558118,2829,0,0,0,0,3,169,99,99,58.57988166,0,-37.727
nuscenes,scene-1094_019,yaw,-3,deg,34688,34688,2874,8.285285978,2829,120,0,75.7066726,92.97028607,3,169,63,99,37.27810651,21.30177515,-37.727
nuscenes,scene-1094_019,yaw,-2,deg,34688,34688,2859,8.242043358,2829,75,0,50.46878294,61.96865476,3,169,80,99,47.33727811,11.24260355,-37.727
nuscenes,scene-1094_019,yaw,-1,deg,34688,34688,2847,8.207449262,2829,38,0,25.23802206,31.09003074,3,169,92,99,54.43786982,4.142011834,-37.727
nuscenes,scene-1094_019,yaw,-0.5,deg,34688,34688,2842,8.193035055,2829,14,0,12.62004472,15.57146282,3,169,97,99,57.3964497,1.183431953,-37.727
nuscenes,scene-1094_019,yaw,0.5,deg,34688,34688,2823,8.13826107,2829,27,0,12.63172159,15.62599705,3,169,98,99,57.98816568,0.5917159763,-37.727
nuscenes,scene-1094_019,yaw,1,deg,34688,34688,2814,8.112315498,2829,53,0,25.26681092,31.37879917,3,169,96,99,56.80473373,1.775147929,-37.727
nuscenes,scene-1094_019,yaw,2,deg,34688,34688,2804,8.083487085,2829,112,0,50.52757429,63.05585261,3,169,92,99,54.43786982,4.142011834,-37.727
nuscenes,scene-1094_019,yaw,3,deg,34688,34688,2785,8.0287131,2829,173,0,75.83629902,95.34988737,3,169,78,99,46.15384615,12.4260355,-37.727
nuscenes,scene-1094_019,lateral,-0.1,m,34688,34688,2837,8.178620849,2829,13,0,11.53174657,25.60354548,3,169,98,99,57.98816568,0.5917159763,-37.727
nuscenes,scene-1094_019,lateral,-0.05,m,34688,34688,2835,8.172855166,2829,6,0,5.76584338,12.80162539,3,169,99,99,58.57988166,0,-37.727
nuscenes,scene-1094_019,lateral,-0.02,m,34688,34688,2830,8.158440959,2829,1,0,2.306330175,5.120614791,3,169,99,99,58.57988166,0,-37.727
nuscenes,scene-1094_019,lateral,0.02,m,34688,34688,2831,8.161323801,2829,1,0,2.306320605,5.120567639,3,169,99,99,58.57988166,0,-37.727
nuscenes,scene-1094_019,lateral,0.05,m,34688,34688,2832,8.164206642,2829,6,0,5.76578357,12.80133069,3,169,98,99,57.98816568,0.5917159763,-37.727
nuscenes,scene-1094_019,lateral,0.1,m,34688,34688,2830,8.158440959,2829,17,0,11.53150733,25.6023667,3,169,97,99,57.3964497,1.183431953,-37.727
nuscenes,scene-1094_019,pitch,-1,deg,34688,34688,2913,8.39771679,2829,0,0,23.62552518,26.82201257,3,169,99,99,58.57988166,0,-37.727
nuscenes,scene-1094_019,pitch,1,deg,34688,34688,2706,7.800968635,2829,124,0,23.6494219,27.17429226,3,169,84,99,49.70414201,8.875739645,-37.727
nuscenes,scene-1094_019,roll,-1,deg,34688,34688,2832,8.164206642,2829,20,0,7.929588308,13.8192358,3,169,99,99,58.57988166,0,-37.727
nuscenes,scene-1094_019,roll,1,deg,34688,34688,2834,8.169972325,2829,17,0,7.930290399,13.81875132,3,169,98,99,57.98816568,0.5917159763,-37.727
nuscenes,scene-1094_020,baseline,0,none,34720,34720,2805,8.078917051,2805,0,0,0,0,3,99,83,83,83.83838384,0,-37.269
nuscenes,scene-1094_020,yaw,-3,deg,34720,34720,2863,8.245967742,2805,122,0,75.15016475,93.5126492,3,99,41,83,41.41414141,42.42424242,-37.269
nuscenes,scene-1094_020,yaw,-2,deg,34720,34720,2840,8.179723502,2805,82,0,50.12763861,62.40135492,3,99,56,83,56.56565657,27.27272727,-37.269
nuscenes,scene-1094_020,yaw,-1,deg,34720,34720,2821,8.125,2805,46,0,25.06836528,31.3014364,3,99,72,83,72.72727273,11.11111111,-37.269
nuscenes,scene-1094_020,yaw,-0.5,deg,34720,34720,2815,8.107718894,2805,23,0,12.54132831,15.67760187,3,99,77,83,77.77777778,6.060606061,-37.269
nuscenes,scene-1094_020,yaw,0.5,deg,34720,34720,2792,8.041474654,2805,30,0,12.55165253,15.74224489,3,99,83,83,83.83838384,0,-37.269
nuscenes,scene-1094_020,yaw,1,deg,34720,34720,2793,8.044354839,2805,57,0,25.11096973,31.58336351,3,99,85,83,85.85858586,-2.02020202,-37.269
nuscenes,scene-1094_020,yaw,2,deg,34720,34720,2783,8.015552995,2805,112,0,50.27381888,63.64991602,3,99,76,83,76.76767677,7.070707071,-37.269
nuscenes,scene-1094_020,yaw,3,deg,34720,34720,2765,7.963709677,2805,171,0,75.51386641,96.25452315,3,99,67,83,67.67676768,16.16161616,-37.269
nuscenes,scene-1094_020,lateral,-0.1,m,34720,34720,2818,8.116359447,2805,16,0,13.13246868,26.43469309,3,99,80,83,80.80808081,3.03030303,-37.269
nuscenes,scene-1094_020,lateral,-0.05,m,34720,34720,2812,8.099078341,2805,8,0,6.56615132,13.21701087,3,99,82,83,82.82828283,1.01010101,-37.269
nuscenes,scene-1094_020,lateral,-0.02,m,34720,34720,2805,8.078917051,2805,5,0,2.626440603,5.286723787,3,99,83,83,83.83838384,0,-37.269
nuscenes,scene-1094_020,lateral,0.02,m,34720,34720,2802,8.070276498,2805,5,0,2.626414038,5.286616379,3,99,83,83,83.83838384,0,-37.269
nuscenes,scene-1094_020,lateral,0.05,m,34720,34720,2798,8.05875576,2805,16,0,6.565985284,13.21633956,3,99,83,83,83.83838384,0,-37.269
nuscenes,scene-1094_020,lateral,0.1,m,34720,34720,2799,8.061635945,2805,26,0,13.13180454,26.43200787,3,99,81,83,81.81818182,2.02020202,-37.269
nuscenes,scene-1094_020,pitch,-1,deg,34720,34720,2889,8.320852535,2805,1,0,23.68262777,26.8257526,3,99,77,83,77.77777778,6.060606061,-37.269
nuscenes,scene-1094_020,pitch,1,deg,34720,34720,2678,7.713133641,2805,128,0,23.76860158,27.18065149,3,99,82,83,82.82828283,1.01010101,-37.269
nuscenes,scene-1094_020,roll,-1,deg,34720,34720,2804,8.076036866,2805,24,0,7.831915186,13.87907423,3,99,83,83,83.83838384,0,-37.269
nuscenes,scene-1094_020,roll,1,deg,34720,34720,2810,8.093317972,2805,19,0,7.831064728,13.88045487,3,99,82,83,82.82828283,1.01010101,-37.269
nuscenes,scene-1094_021,baseline,0,none,34688,34688,2784,8.025830258,2784,0,0,0,0,3,157,64,64,40.76433121,0,-36.582
nuscenes,scene-1094_021,yaw,-3,deg,34688,34688,2799,8.069072878,2784,131,0,74.87552039,93.92087608,3,157,23,64,14.64968153,26.11464968,-36.582
nuscenes,scene-1094_021,yaw,-2,deg,34688,34688,2774,7.997001845,2784,90,0,49.91973451,62.36168656,3,157,41,64,26.11464968,14.64968153,-36.582
nuscenes,scene-1094_021,yaw,-1,deg,34688,34688,2777,8.005650369,2784,44,0,24.95574628,31.09325844,3,157,55,64,35.03184713,5.732484076,-36.582
nuscenes,scene-1094_021,yaw,-0.5,deg,34688,34688,2770,7.98547048,2784,27,0,12.47989625,15.56133206,3,157,62,64,39.49044586,1.27388535,-36.582
nuscenes,scene-1094_021,yaw,0.5,deg,34688,34688,2784,8.025830258,2784,21,0,12.48376679,15.60607827,3,157,63,64,40.12738854,0.6369426752,-36.582
nuscenes,scene-1094_021,yaw,1,deg,34688,34688,2790,8.043127306,2784,39,0,24.97932617,31.29615027,3,157,64,64,40.76433121,0,-36.582
nuscenes,scene-1094_021,yaw,2,deg,34688,34688,2771,7.988353321,2784,96,0,49.98933383,62.85320234,3,157,49,64,31.21019108,9.554140127,-36.582
nuscenes,scene-1094_021,yaw,3,deg,34688,34688,2762,7.962407749,2784,148,0,75.04707756,94.9666267,3,157,37,64,23.56687898,17.19745223,-36.582
nuscenes,scene-1094_021,lateral,-0.1,m,34688,34688,2783,8.022947417,2784,20,0,11.26544976,26.52589124,3,157,63,64,40.12738854,0.6369426752,-36.582
nuscenes,scene-1094_021,lateral,-0.05,m,34688,34688,2782,8.020064576,2784,9,0,5.632648625,13.26252153,3,157,63,64,40.12738854,0.6369426752,-36.582
nuscenes,scene-1094_021,lateral,-0.02,m,34688,34688,2783,8.022947417,2784,3,0,2.25304115,5.304906834,3,157,64,64,40.76433121,0,-36.582
nuscenes,scene-1094_021,lateral,0.02,m,34688,34688,2781,8.017181734,2784,6,0,2.253016749,5.304771138,3,157,64,64,40.76433121,0,-36.582
nuscenes,scene-1094_021,lateral,0.05,m,34688,34688,2782,8.020064576,2784,11,0,5.632496123,13.26167342,3,157,64,64,40.76433121,0,-36.582
nuscenes,scene-1094_021,lateral,0.1,m,34688,34688,2784,8.025830258,2784,19,0,11.26483975,26.52249883,3,157,64,64,40.76433121,0,-36.582
nuscenes,scene-1094_021,pitch,-1,deg,34688,34688,2866,8.262223247,2784,2,0,23.44770986,26.78594119,3,157,57,64,36.30573248,4.458598726,-36.582
nuscenes,scene-1094_021,pitch,1,deg,34688,34688,2661,7.671240775,2784,123,0,23.50581435,27.1342009,3,157,49,64,31.21019108,9.554140127,-36.582
nuscenes,scene-1094_021,roll,-1,deg,34688,34688,2787,8.034478782,2784,21,0,7.714848955,13.73453117,3,157,58,64,36.94267516,3.821656051,-36.582
nuscenes,scene-1094_021,roll,1,deg,34688,34688,2779,8.011416052,2784,25,0,7.715530881,13.7343566,3,157,64,64,40.76433121,0,-36.582
nuscenes,scene-1094_022,baseline,0,none,34656,34656,2873,8.290050785,2873,0,0,0,0,2,48,47,47,97.91666667,0,-36.463
nuscenes,scene-1094_022,yaw,-3,deg,34656,34656,2919,8.422783934,2873,113,0,74.76277998,93.53639491,2,48,28,47,58.33333333,39.58333333,-36.463
nuscenes,scene-1094_022,yaw,-2,deg,34656,34656,2901,8.370844875,2873,77,0,49.80278584,62.28376851,2,48,39,47,81.25,16.66666667,-36.463
nuscenes,scene-1094_022,yaw,-1,deg,34656,34656,2890,8.33910434,2873,38,0,24.90219921,31.17102845,2,48,45,47,93.75,4.166666667,-36.463
nuscenes,scene-1094_022,yaw,-0.5,deg,34656,34656,2882,8.316020314,2873,18,0,12.4520723,15.59188862,2,48,47,47,97.91666667,0,-36.463
nuscenes,scene-1094_022,yaw,0.5,deg,34656,34656,2866,8.269852262,2873,31,0,12.43958082,15.64756447,2,48,44,47,91.66666667,6.25,-36.463
nuscenes,scene-1094_022,yaw,1,deg,34656,34656,2865,8.266966759,2873,52,0,24.88713864,31.33708804,2,48,44,47,91.66666667,6.25,-36.463
nuscenes,scene-1094_022,yaw,2,deg,34656,34656,2861,8.255424746,2873,106,0,49.75773407,62.91195263,2,48,39,47,81.25,16.66666667,-36.463
nuscenes,scene-1094_022,yaw,3,deg,34656,34656,2854,8.235226223,2873,157,0,74.75458531,94.87237122,2,48,30,47,62.5,35.41666667,-36.463
nuscenes,scene-1094_022,lateral,-0.1,m,34656,34656,2882,8.316020314,2873,17,0,9.831102428,27.22616759,2,48,47,47,97.91666667,0,-36.463
nuscenes,scene-1094_022,lateral,-0.05,m,34656,34656,2879,8.307363804,2873,7,0,4.915488035,13.61259865,2,48,47,47,97.91666667,0,-36.463
nuscenes,scene-1094_022,lateral,-0.02,m,34656,34656,2880,8.310249307,2873,2,0,1.966180052,5.44492303,2,48,47,47,97.91666667,0,-36.463
nuscenes,scene-1094_022,lateral,0.02,m,34656,34656,2872,8.287165282,2873,6,0,1.966159835,5.444767798,2,48,47,47,97.91666667,0,-36.463
nuscenes,scene-1094_022,lateral,0.05,m,34656,34656,2863,8.261195753,2873,18,0,4.915361683,13.61162845,2,48,46,47,95.83333333,2.083333333,-36.463
nuscenes,scene-1094_022,lateral,0.1,m,34656,34656,2859,8.24965374,2873,29,0,9.830597018,27.22228681,2,48,46,47,95.83333333,2.083333333,-36.463
nuscenes,scene-1094_022,pitch,-1,deg,34656,34656,2954,8.523776547,2873,1,0,23.27577809,26.74043744,2,48,46,47,95.83333333,2.083333333,-36.463
nuscenes,scene-1094_022,pitch,1,deg,34656,34656,2751,7.938019391,2873,124,0,23.30999468,27.09461508,2,48,47,47,97.91666667,0,-36.463
nuscenes,scene-1094_022,roll,-1,deg,34656,34656,2876,8.298707295,2873,23,0,7.772371701,13.80079993,2,48,47,47,97.91666667,0,-36.463
nuscenes,scene-1094_022,roll,1,deg,34656,34656,2872,8.287165282,2873,21,0,7.773017592,13.80076115,2,48,47,47,97.91666667,0,-36.463
nuscenes,scene-1094_023,baseline,0,none,34688,34688,2989,8.616812731,2989,0,0,0,0,1,58,10,10,17.24137931,0,-39.535
nuscenes,scene-1094_023,yaw,-3,deg,34688,34688,3044,8.775369004,2989,114,0,75.00919911,92.21253719,1,58,0,10,0,17.24137931,-39.535
nuscenes,scene-1094_023,yaw,-2,deg,34688,34688,3030,8.735009225,2989,74,0,49.98538773,61.61329675,1,58,0,10,0,17.24137931,-39.535
nuscenes,scene-1094_023,yaw,-1,deg,34688,34688,3004,8.660055351,2989,39,0,24.98489409,30.88357127,1,58,3,10,5.172413793,12.06896552,-39.535
nuscenes,scene-1094_023,yaw,-0.5,deg,34688,34688,2998,8.642758303,2989,19,0,12.48813885,15.4688474,1,58,7,10,12.06896552,5.172413793,-39.535
nuscenes,scene-1094_023,yaw,0.5,deg,34688,34688,2977,8.582218635,2989,31,0,12.49123198,15.52337496,1,58,12,10,20.68965517,-3.448275862,-39.535
nuscenes,scene-1094_023,yaw,1,deg,34688,34688,2969,8.559155904,2989,61,0,24.98041761,31.09882031,1,58,16,10,27.5862069,-10.34482759,-39.535
nuscenes,scene-1094_023,yaw,2,deg,34688,34688,2948,8.498616236,2989,123,0,50.01189905,62.62430234,1,58,17,10,29.31034483,-12.06896552,-39.535
nuscenes,scene-1094_023,yaw,3,deg,34688,34688,2932,8.452490775,2989,183,0,75.06674484,94.5745848,1,58,17,10,29.31034483,-12.06896552,-39.535
nuscenes,scene-1094_023,lateral,-0.1,m,34688,34688,2989,8.616812731,2989,18,0,10.28460267,25.20891257,1,58,7,10,12.06896552,5.172413793,-39.535
nuscenes,scene-1094_023,lateral,-0.05,m,34688,34688,2989,8.616812731,2989,7,0,5.142231982,12.60403918,1,58,10,10,17.24137931,0,-39.535
nuscenes,scene-1094_023,lateral,-0.02,m,34688,34688,2991,8.622578413,2989,3,0,2.056876149,5.041515573,1,58,10,10,17.24137931,0,-39.535
nuscenes,scene-1094_023,lateral,0.02,m,34688,34688,2988,8.613929889,2989,4,0,2.056853957,5.041382113,1,58,10,10,17.24137931,0,-39.535
nuscenes,scene-1094_023,lateral,0.05,m,34688,34688,2987,8.611047048,2989,10,0,5.142093285,12.60320506,1,58,10,10,17.24137931,0,-39.535
nuscenes,scene-1094_023,lateral,0.1,m,34688,34688,2983,8.599515683,2989,22,0,10.28404788,25.20557607,1,58,12,10,20.68965517,-3.448275862,-39.535
nuscenes,scene-1094_023,pitch,-1,deg,34688,34688,3079,8.87626845,2989,0,0,23.22620213,26.42378859,1,58,10,10,17.24137931,0,-39.535
nuscenes,scene-1094_023,pitch,1,deg,34688,34688,2859,8.242043358,2989,130,0,23.30198674,26.76788507,1,58,10,10,17.24137931,0,-39.535
nuscenes,scene-1094_023,roll,-1,deg,34688,34688,2988,8.613929889,2989,24,0,8.025697924,13.8780987,1,58,10,10,17.24137931,0,-39.535
nuscenes,scene-1094_023,roll,1,deg,34688,34688,2990,8.619695572,2989,20,0,8.024892861,13.87958102,1,58,10,10,17.24137931,0,-39.535
nuscenes,scene-1094_024,baseline,0,none,34688,34688,2983,8.599515683,2983,0,0,0,0,1,30,30,30,100,0,-34.889
nuscenes,scene-1094_024,yaw,-3,deg,34688,34688,3057,8.812845941,2983,107,0,75.32848421,92.35708279,1,30,10,30,33.33333333,66.66666667,-34.889
nuscenes,scene-1094_024,yaw,-2,deg,34688,34688,3030,8.735009225,2983,69,0,50.21046475,61.68383086,1,30,18,30,60,40,-34.889
nuscenes,scene-1094_024,yaw,-1,deg,34688,34688,3005,8.662938192,2983,34,0,25.1034266,30.91812472,1,30,26,30,86.66666667,13.33333333,-34.889
nuscenes,scene-1094_024,yaw,-0.5,deg,34688,34688,2991,8.622578413,2983,18,0,12.5484279,15.47619173,1,30,29,30,96.66666667,3.333333333,-34.889
nuscenes,scene-1094_024,yaw,0.5,deg,34688,34688,2968,8.556273063,2983,35,0,12.53761184,15.54024511,1,30,29,30,96.66666667,3.333333333,-34.889
nuscenes,scene-1094_024,yaw,1,deg,34688,34688,2959,8.530327491,2983,61,0,25.09253894,31.13749001,1,30,26,30,86.66666667,13.33333333,-34.889
nuscenes,scene-1094_024,yaw,2,deg,34688,34688,2930,8.446725092,2983,124,0,50.23662748,62.78190301,1,30,18,30,60,40,-34.889
nuscenes,scene-1094_024,yaw,3,deg,34688,34688,2924,8.429428044,2983,184,0,75.49178383,94.84052307,1,30,10,30,33.33333333,66.66666667,-34.889
nuscenes,scene-1094_024,lateral,-0.1,m,34688,34688,2986,8.608164207,2983,17,0,10.2356573,25.50825169,1,30,30,30,100,0,-34.889
nuscenes,scene-1094_024,lateral,-0.05,m,34688,34688,2986,8.608164207,2983,8,0,5.117754051,12.75366446,1,30,30,30,100,0,-34.889
nuscenes,scene-1094_024,lateral,-0.02,m,34688,34688,2983,8.599515683,2983,2,0,2.047083717,5.101355055,1,30,30,30,100,0,-34.889
nuscenes,scene-1094_024,lateral,0.02,m,34688,34688,2983,8.599515683,2983,4,0,2.047059847,5.101207427,1,30,30,30,100,0,-34.889
nuscenes,scene-1094_024,lateral,0.05,m,34688,34688,2982,8.596632841,2983,9,0,5.117604863,12.75274178,1,30,30,30,100,0,-34.889
nuscenes,scene-1094_024,lateral,0.1,m,34688,34688,2980,8.590867159,2983,21,0,10.23506054,25.50456098,1,30,30,30,100,0,-34.889
nuscenes,scene-1094_024,pitch,-1,deg,34688,34688,3081,8.882034133,2983,0,0,23.30060341,26.51732703,1,30,30,30,100,0,-34.889
nuscenes,scene-1094_024,pitch,1,deg,34688,34688,2865,8.259340406,2983,120,0,23.35373881,26.85469579,1,30,21,30,70,30,-34.889
nuscenes,scene-1094_024,roll,-1,deg,34688,34688,2985,8.605281365,2983,20,0,8.063514436,13.88996377,1,30,30,30,100,0,-34.889
nuscenes,scene-1094_024,roll,1,deg,34688,34688,2989,8.616812731,2983,22,0,8.064133822,13.88739969,1,30,30,30,100,0,-34.889
nuscenes,scene-1094_025,baseline,0,none,34720,34720,2993,8.620391705,2993,0,0,0,0,1,42,42,42,100,0,-34.766
nuscenes,scene-1094_025,yaw,-3,deg,34720,34720,3023,8.706797235,2993,144,0,75.41095927,93.49387721,1,42,13,42,30.95238095,69.04761905,-34.766
nuscenes,scene-1094_025,yaw,-2,deg,34720,34720,2999,8.637672811,2993,108,0,50.28429657,62.19220735,1,42,25,42,59.52380952,40.47619048,-34.766
nuscenes,scene-1094_025,yaw,-1,deg,34720,34720,2998,8.634792627,2993,45,0,25.14078443,31.09199305,1,42,37,42,88.0952381,11.9047619,-34.766
nuscenes,scene-1094_025,yaw,-0.5,deg,34720,34720,2995,8.626152074,2993,21,0,12.57359884,15.54165821,1,42,39,42,92.85714286,7.142857143,-34.766
nuscenes,scene-1094_025,yaw,0.5,deg,34720,34720,2984,8.594470046,2993,29,0,12.57879132,15.5387837,1,42,39,42,92.85714286,7.142857143,-34.766
nuscenes,scene-1094_025,yaw,1,deg,34720,34720,2974,8.565668203,2993,58,0,25.16000423,31.15498821,1,42,36,42,85.71428571,14.28571429,-34.766
nuscenes,scene-1094_025,yaw,2,deg,34720,34720,2956,8.513824885,2993,116,0,50.36918787,62.58545306,1,42,25,42,59.52380952,40.47619048,-34.766
nuscenes,scene-1094_025,yaw,3,deg,34720,34720,2923,8.418778802,2993,189,0,75.52297093,94.71121809,1,42,13,42,30.95238095,69.04761905,-34.766
nuscenes,scene-1094_025,lateral,-0.1,m,34720,34720,2991,8.614631336,2993,20,0,10.5539695,26.58886229,1,42,41,42,97.61904762,2.380952381,-34.766
nuscenes,scene-1094_025,lateral,-0.05,m,34720,34720,2996,8.629032258,2993,7,0,5.276901743,13.29390458,1,42,41,42,97.61904762,2.380952381,-34.766
nuscenes,scene-1094_025,lateral,-0.02,m,34720,34720,2992,8.617511521,2993,3,0,2.110740777,5.317435465,1,42,42,42,100,0,-34.766
nuscenes,scene-1094_025,lateral,0.02,m,34720,34720,2992,8.617511521,2993,2,0,2.110714216,5.317266985,1,42,42,42,100,0,-34.766
nuscenes,scene-1094_025,lateral,0.05,m,34720,34720,2991,8.614631336,2993,9,0,5.276735741,13.29285158,1,42,42,42,100,0,-34.766
nuscenes,scene-1094_025,lateral,0.1,m,34720,34720,2989,8.608870968,2993,20,0,10.55330549,26.58465028,1,42,40,42,95.23809524,4.761904762,-34.766
nuscenes,scene-1094_025,pitch,-1,deg,34720,34720,3081,8.873847926,2993,0,0,23.28703661,26.58152461,1,42,35,42,83.33333333,16.66666667,-34.766
nuscenes,scene-1094_025,pitch,1,deg,34720,34720,2874,8.27764977,2993,119,0,23.2921038,26.92414516,1,42,28,42,66.66666667,33.33333333,-34.766
nuscenes,scene-1094_025,roll,-1,deg,34720,34720,2993,8.620391705,2993,23,0,8.15504842,13.86193272,1,42,42,42,100,0,-34.766
nuscenes,scene-1094_025,roll,1,deg,34720,34720,2995,8.626152074,2993,19,0,8.155538642,13.86135395,1,42,42,42,100,0,-34.766
nuscenes,scene-1094_026,baseline,0,none,34752,34752,3004,8.644106814,3004,0,0,0,0,1,30,30,30,100,0,-34.626
nuscenes,scene-1094_026,yaw,-3,deg,34752,34752,3038,8.74194291,3004,140,0,75.85582769,92.91341738,1,30,7,30,23.33333333,76.66666667,-34.626
nuscenes,scene-1094_026,yaw,-2,deg,34752,34752,3029,8.71604512,3004,89,0,50.58822248,61.9202461,1,30,15,30,50,50,-34.626
nuscenes,scene-1094_026,yaw,-1,deg,34752,34752,3005,8.646984346,3004,44,0,25.29194344,30.98961477,1,30,24,30,80,20,-34.626
nuscenes,scene-1094_026,yaw,-0.5,deg,34752,34752,3007,8.652739411,3004,20,0,12.64606739,15.49006336,1,30,28,30,93.33333333,6.666666667,-34.626
nuscenes,scene-1094_026,yaw,0.5,deg,34752,34752,3000,8.632596685,3004,28,0,12.62677544,15.5432154,1,30,28,30,93.33333333,6.666666667,-34.626
nuscenes,scene-1094_026,yaw,1,deg,34752,34752,2992,8.609576427,3004,56,0,25.2414803,31.16891633,1,30,27,30,90,10,-34.626
nuscenes,scene-1094_026,yaw,2,deg,34752,34752,2972,8.552025783,3004,112,0,50.43914973,62.54463513,1,30,20,30,66.66666667,33.33333333,-34.626
nuscenes,scene-1094_026,yaw,3,deg,34752,34752,2952,8.494475138,3004,170,0,75.58535301,94.48241834,1,30,11,30,36.66666667,63.33333333,-34.626
nuscenes,scene-1094_026,lateral,-0.1,m,34752,34752,3006,8.649861878,3004,16,0,11.00749188,25.78620437,1,30,30,30,100,0,-34.626
nuscenes,scene-1094_026,lateral,-0.05,m,34752,34752,3008,8.655616943,3004,7,0,5.503662793,12.89264663,1,30,30,30,100,0,-34.626
nuscenes,scene-1094_026,lateral,-0.02,m,34752,34752,3002,8.63835175,3004,3,0,2.201445162,5.156949323,1,30,30,30,100,0,-34.626
nuscenes,scene-1094_026,lateral,0.02,m,34752,34752,3002,8.63835175,3004,6,0,2.201418555,5.15680356,1,30,30,30,100,0,-34.626
nuscenes,scene-1094_026,lateral,0.05,m,34752,34752,3001,8.635474217,3004,12,0,5.503496502,12.89173561,1,30,30,30,100,0,-34.626
nuscenes,scene-1094_026,lateral,0.1,m,34752,34752,2996,8.621086556,3004,25,0,11.00682672,25.78256029,1,30,30,30,100,0,-34.626
nuscenes,scene-1094_026,pitch,-1,deg,34752,34752,3095,8.905962247,3004,1,0,23.35107238,26.41403965,1,30,21,30,70,30,-34.626
nuscenes,scene-1094_026,pitch,1,deg,34752,34752,2890,8.31606814,3004,114,0,23.38117686,26.74953188,1,30,30,30,100,0,-34.626
nuscenes,scene-1094_026,roll,-1,deg,34752,34752,3004,8.644106814,3004,23,0,8.165886541,13.80686625,1,30,30,30,100,0,-34.626
nuscenes,scene-1094_026,roll,1,deg,34752,34752,3005,8.646984346,3004,22,0,8.166321345,13.80410211,1,30,30,30,100,0,-34.626
nuscenes,scene-1094_027,baseline,0,none,34752,34752,3019,8.687269797,3019,0,0,0,0,2,51,51,51,100,0,-35.095
nuscenes,scene-1094_027,yaw,-3,deg,34752,34752,3060,8.805248619,3019,152,0,75.10131727,93.53602566,2,51,8,51,15.68627451,84.31372549,-35.095
nuscenes,scene-1094_027,yaw,-2,deg,34752,34752,3051,8.779350829,3019,106,0,50.11492099,62.44611999,2,51,22,51,43.1372549,56.8627451,-35.095
nuscenes,scene-1094_027,yaw,-1,deg,34752,34752,3038,8.74194291,3019,53,0,25.08090999,31.2600009,2,51,40,51,78.43137255,21.56862745,-35.095
nuscenes,scene-1094_027,yaw,-0.5,deg,34752,34752,3033,8.727555249,3019,25,0,12.54216213,15.66885984,2,51,48,51,94.11764706,5.882352941,-35.095
nuscenes,scene-1094_027,yaw,0.5,deg,34752,34752,3012,8.667127072,3019,35,0,12.53884257,15.78012167,2,51,49,51,96.07843137,3.921568627,-35.095
nuscenes,scene-1094_027,yaw,1,deg,34752,34752,2990,8.603821363,3019,82,0,25.06819397,31.68120281,2,51,45,51,88.23529412,11.76470588,-35.095
nuscenes,scene-1094_027,yaw,2,deg,34752,34752,2963,8.526127993,3019,154,0,50.11499785,63.88924636,2,51,30,51,58.82352941,41.17647059,-35.095
nuscenes,scene-1094_027,yaw,3,deg,34752,34752,2947,8.480087477,3019,213,0,75.10089041,96.88834285,2,51,13,51,25.49019608,74.50980392,-35.095
nuscenes,scene-1094_027,lateral,-0.1,m,34752,34752,3037,8.739065378,3019,15,0,11.07274221,26.8930779,2,51,51,51,100,0,-35.095
nuscenes,scene-1094_027,lateral,-0.05,m,34752,34752,3032,8.724677716,3019,7,0,5.536281048,13.44600547,2,51,51,51,100,0,-35.095
nuscenes,scene-1094_027,lateral,-0.02,m,34752,34752,3027,8.710290055,3019,3,0,2.214490806,5.378274158,2,51,51,51,100,0,-35.095
nuscenes,scene-1094_027,lateral,0.02,m,34752,34752,3017,8.681514733,3019,5,0,2.214461989,5.378103463,2,51,51,51,100,0,-35.095
nuscenes,scene-1094_027,lateral,0.05,m,34752,34752,3012,8.667127072,3019,16,0,5.536100942,13.44493862,2,51,51,51,100,0,-35.095
nuscenes,scene-1094_027,lateral,0.1,m,34752,34752,3004,8.644106814,3019,34,0,11.07202179,26.88881053,2,51,51,51,100,0,-35.095
nuscenes,scene-1094_027,pitch,-1,deg,34752,34752,3113,8.957757827,3019,2,0,23.36606834,26.4916718,2,51,41,51,80.39215686,19.60784314,-35.095
nuscenes,scene-1094_027,pitch,1,deg,34752,34752,2908,8.36786372,3019,113,0,23.38282644,26.8346242,2,51,49,51,96.07843137,3.921568627,-35.095
nuscenes,scene-1094_027,roll,-1,deg,34752,34752,3022,8.695902394,3019,28,0,8.101456914,14.0245708,2,51,49,51,96.07843137,3.921568627,-35.095
nuscenes,scene-1094_027,roll,1,deg,34752,34752,3023,8.698779926,3019,18,0,8.1005916,14.02233466,2,51,49,51,96.07843137,3.921568627,-35.095
nuscenes,scene-1094_028,baseline,0,none,34752,34752,2981,8.577923573,2981,0,0,0,0,1,49,49,49,100,0,-35.502
nuscenes,scene-1094_028,yaw,-3,deg,34752,34752,2978,8.569290976,2981,176,0,75.00288452,93.28824234,1,49,9,49,18.36734694,81.63265306,-35.502
nuscenes,scene-1094_028,yaw,-2,deg,34752,34752,2997,8.623964088,2981,111,0,50.00357106,62.03966993,1,49,19,49,38.7755102,61.2244898,-35.502
nuscenes,scene-1094_028,yaw,-1,deg,34752,34752,2985,8.589433702,2981,56,0,24.98880278,30.99225801,1,49,41,49,83.67346939,16.32653061,-35.502
nuscenes,scene-1094_028,yaw,-0.5,deg,34752,34752,2984,8.586556169,2981,23,0,12.49224035,15.51929369,1,49,47,49,95.91836735,4.081632653,-35.502
nuscenes,scene-1094_028,yaw,0.5,deg,34752,34752,2975,8.560658379,2981,38,0,12.50372146,15.57890247,1,49,49,49,100,0,-35.502
nuscenes,scene-1094_028,yaw,1,deg,34752,34752,2967,8.537638122,2981,70,0,25.03180772,31.24368202,1,49,46,49,93.87755102,6.12244898,-35.502
nuscenes,scene-1094_028,yaw,2,deg,34752,34752,2951,8.491597606,2981,136,0,50.11170317,62.9045062,1,49,43,49,87.75510204,12.24489796,-35.502
nuscenes,scene-1094_028,yaw,3,deg,34752,34752,2955,8.503107735,2981,184,0,75.18342107,95.29089012,1,49,34,49,69.3877551,30.6122449,-35.502
nuscenes,scene-1094_028,lateral,-0.1,m,34752,34752,2986,8.592311234,2981,17,0,10.12648653,25.95201966,1,49,46,49,93.87755102,6.12244898,-35.502
nuscenes,scene-1094_028,lateral,-0.05,m,34752,34752,2982,8.580801105,2981,10,0,5.063161025,12.97547027,1,49,49,49,100,0,-35.502
nuscenes,scene-1094_028,lateral,-0.02,m,34752,34752,2980,8.575046041,2981,3,0,2.025244673,5.190058622,1,49,49,49,100,0,-35.502
nuscenes,scene-1094_028,lateral,0.02,m,34752,34752,2978,8.569290976,2981,7,0,2.025218357,5.189885985,1,49,49,49,100,0,-35.502
nuscenes,scene-1094_028,lateral,0.05,m,34752,34752,2974,8.557780847,2981,15,0,5.062996551,12.97439129,1,49,49,49,100,0,-35.502
nuscenes,scene-1094_028,lateral,0.1,m,34752,34752,2971,8.54914825,2981,28,0,10.12582864,25.94770372,1,49,48,49,97.95918367,2.040816327,-35.502
nuscenes,scene-1094_028,pitch,-1,deg,34752,34752,3071,8.836901473,2981,2,0,23.22526016,26.35664559,1,49,46,49,93.87755102,6.12244898,-35.502
nuscenes,scene-1094_028,pitch,1,deg,34752,34752,2860,8.229742173,2981,122,0,23.28621848,26.69081332,1,49,49,49,100,0,-35.502
nuscenes,scene-1094_028,roll,-1,deg,34752,34752,2984,8.586556169,2981,24,0,8.150098265,13.95982894,1,49,49,49,100,0,-35.502
nuscenes,scene-1094_028,roll,1,deg,34752,34752,2985,8.589433702,2981,19,0,8.151017785,13.95819449,1,49,49,49,100,0,-35.502
nuscenes,scene-1094_029,baseline,0,none,34720,34720,3048,8.778801843,3048,0,0,0,0,2,49,6,6,12.24489796,0,-35.44
nuscenes,scene-1094_029,yaw,-3,deg,34720,34720,3066,8.830645161,3048,156,0,75.01638289,92.51117316,2,49,2,6,4.081632653,8.163265306,-35.44
nuscenes,scene-1094_029,yaw,-2,deg,34720,34720,3057,8.804723502,3048,107,0,49.96909486,61.60181299,2,49,3,6,6.12244898,6.12244898,-35.44
nuscenes,scene-1094_029,yaw,-1,deg,34720,34720,3048,8.778801843,3048,56,0,24.98769523,30.83447237,2,49,5,6,10.20408163,2.040816327,-35.44
nuscenes,scene-1094_029,yaw,-0.5,deg,34720,34720,3054,8.796082949,3048,29,0,12.49965303,15.40761614,2,49,5,6,10.20408163,2.040816327,-35.44
nuscenes,scene-1094_029,yaw,0.5,deg,34720,34720,3039,8.752880184,3048,26,0,12.50985057,15.451718,2,49,8,6,16.32653061,-4.081632653,-35.44
nuscenes,scene-1094_029,yaw,1,deg,34720,34720,3039,8.752880184,3048,60,0,25.03498282,30.95840144,2,49,12,6,24.48979592,-12.24489796,-35.44
nuscenes,scene-1094_029,yaw,2,deg,34720,34720,3040,8.755760369,3048,115,0,50.1400378,62.12811986,2,49,16,6,32.65306122,-20.40816327,-35.44
nuscenes,scene-1094_029,yaw,3,deg,34720,34720,3043,8.764400922,3048,170,0,75.28216643,93.91396031,2,49,19,6,38.7755102,-26.53061224,-35.44
nuscenes,scene-1094_029,lateral,-0.1,m,34720,34720,3053,8.793202765,3048,18,0,9.229620595,25.42036055,2,49,5,6,10.20408163,2.040816327,-35.44
nuscenes,scene-1094_029,lateral,-0.05,m,34720,34720,3051,8.787442396,3048,9,0,4.61474689,12.70969896,2,49,5,6,10.20408163,2.040816327,-35.44
nuscenes,scene-1094_029,lateral,-0.02,m,34720,34720,3047,8.775921659,3048,6,0,1.845883538,5.083764075,2,49,5,6,10.20408163,2.040816327,-35.44
nuscenes,scene-1094_029,lateral,0.02,m,34720,34720,3044,8.767281106,3048,5,0,1.845863249,5.083610071,2,49,6,6,12.24489796,0,-35.44
nuscenes,scene-1094_029,lateral,0.05,m,34720,34720,3044,8.767281106,3048,10,0,4.61462008,12.70873644,2,49,6,6,12.24489796,0,-35.44
nuscenes,scene-1094_029,lateral,0.1,m,34720,34720,3048,8.778801843,3048,16,0,9.229113354,25.41651046,2,49,8,6,16.32653061,-4.081632653,-35.44
nuscenes,scene-1094_029,pitch,-1,deg,34720,34720,3143,9.052419355,3048,2,0,23.20372009,26.25774456,2,49,6,6,12.24489796,0,-35.44
nuscenes,scene-1094_029,pitch,1,deg,34720,34720,2930,8.438940092,3048,121,0,23.23172451,26.58918057,2,49,5,6,10.20408163,2.040816327,-35.44
nuscenes,scene-1094_029,roll,-1,deg,34720,34720,3050,8.784562212,3048,23,0,8.082911411,13.82614863,2,49,5,6,10.20408163,2.040816327,-35.44
nuscenes,scene-1094_029,roll,1,deg,34720,34720,3053,8.793202765,3048,20,0,8.082255739,13.82698666,2,49,6,6,12.24489796,0,-35.44
nuscenes,scene-1094_030,baseline,0,none,34720,34720,3095,8.914170507,3095,0,0,0,0,1,42,42,42,100,0,-35.245
nuscenes,scene-1094_030,yaw,-3,deg,34720,34720,3077,8.862327189,3095,175,0,74.96755349,92.27139841,1,42,27,42,64.28571429,35.71428571,-35.245
nuscenes,scene-1094_030,yaw,-2,deg,34720,34720,3082,8.876728111,3095,118,0,49.97107538,61.54874294,1,42,37,42,88.0952381,11.9047619,-35.245
nuscenes,scene-1094_030,yaw,-1,deg,34720,34720,3084,8.882488479,3095,57,0,24.99149993,30.75413114,1,42,41,42,97.61904762,2.380952381,-35.245
nuscenes,scene-1094_030,yaw,-0.5,deg,34720,34720,3094,8.911290323,3095,29,0,12.49653909,15.3854172,1,42,42,42,100,0,-35.245
nuscenes,scene-1094_030,yaw,0.5,deg,34720,34720,3095,8.914170507,3095,30,0,12.50329964,15.41217527,1,42,42,42,100,0,-35.245
nuscenes,scene-1094_030,yaw,1,deg,34720,34720,3099,8.925691244,3095,60,0,25.02381026,30.89009564,1,42,39,42,92.85714286,7.142857143,-35.245
nuscenes,scene-1094_030,yaw,2,deg,34720,34720,3099,8.925691244,3095,118,0,50.0744957,62.15502747,1,42,19,42,45.23809524,54.76190476,-35.245
nuscenes,scene-1094_030,yaw,3,deg,34720,34720,3095,8.914170507,3095,179,0,75.22044734,93.95711046,1,42,8,42,19.04761905,80.95238095,-35.245
nuscenes,scene-1094_030,lateral,-0.1,m,34720,34720,3095,8.914170507,3095,15,0,8.746653474,25.17049862,1,42,42,42,100,0,-35.245
nuscenes,scene-1094_030,lateral,-0.05,m,34720,34720,3096,8.917050691,3095,8,0,4.373279079,12.58485436,1,42,42,42,100,0,-35.245
nuscenes,scene-1094_030,lateral,-0.02,m,34720,34720,3094,8.911290323,3095,4,0,1.749300194,5.033846962,1,42,42,42,100,0,-35.245
nuscenes,scene-1094_030,lateral,0.02,m,34720,34720,3097,8.919930876,3095,4,0,1.749284943,5.03372059,1,42,42,42,100,0,-35.245
nuscenes,scene-1094_030,lateral,0.05,m,34720,34720,3098,8.92281106,3095,9,0,4.373183765,12.58406454,1,42,42,42,100,0,-35.245
nuscenes,scene-1094_030,lateral,0.1,m,34720,34720,3093,8.908410138,3095,20,0,8.746272219,25.16733933,1,42,42,42,100,0,-35.245
nuscenes,scene-1094_030,pitch,-1,deg,34720,34720,3190,9.187788018,3095,3,0,23.17069399,26.14244503,1,42,42,42,100,0,-35.245
nuscenes,scene-1094_030,pitch,1,deg,34720,34720,2982,8.588709677,3095,115,0,23.21112192,26.47151813,1,42,41,42,97.61904762,2.380952381,-35.245
nuscenes,scene-1094_030,roll,-1,deg,34720,34720,3095,8.914170507,3095,24,0,8.123286728,13.84476421,1,42,42,42,100,0,-35.245
nuscenes,scene-1094_030,roll,1,deg,34720,34720,3103,8.937211982,3095,21,0,8.12398995,13.84728743,1,42,42,42,100,0,-35.245
nuscenes,scene-1094_031,baseline,0,none,34752,34752,3088,8.885819521,3088,0,0,0,0,0,0,0,0,,,-35.112
nuscenes,scene-1094_031,yaw,-3,deg,34752,34752,3059,8.802371087,3088,189,0,75.01350909,92.63096674,0,0,0,0,,,-35.112
nuscenes,scene-1094_031,yaw,-2,deg,34752,34752,3057,8.796616022,3088,134,0,50.03789246,61.60892114,0,0,0,0,,,-35.112
nuscenes,scene-1094_031,yaw,-1,deg,34752,34752,3071,8.836901473,3088,65,0,25.02676112,30.76999695,0,0,0,0,,,-35.112
nuscenes,scene-1094_031,yaw,-0.5,deg,34752,34752,3079,8.859921731,3088,32,0,12.51536251,15.38273056,0,0,0,0,,,-35.112
nuscenes,scene-1094_031,yaw,0.5,deg,34752,34752,3089,8.888697053,3088,27,0,12.51573862,15.4237841,0,0,0,0,,,-35.112
nuscenes,scene-1094_031,yaw,1,deg,34752,34752,3099,8.917472376,3088,53,0,25.03550528,30.8805528,0,0,0,0,,,-35.112
nuscenes,scene-1094_031,yaw,2,deg,34752,34752,3093,8.900207182,3088,115,0,50.09917177,62.11089103,0,0,0,0,,,-35.112
nuscenes,scene-1094_031,yaw,3,deg,34752,34752,3084,8.874309392,3088,174,0,75.19824925,93.81405012,0,0,0,0,,,-35.112
nuscenes,scene-1094_031,lateral,-0.1,m,34752,34752,3085,8.877186924,3088,16,0,8.456999551,25.18714537,0,0,0,0,,,-35.112
nuscenes,scene-1094_031,lateral,-0.05,m,34752,34752,3088,8.885819521,3088,7,0,4.228443294,12.59307225,0,0,0,0,,,-35.112
nuscenes,scene-1094_031,lateral,-0.02,m,34752,34752,3085,8.877186924,3088,5,0,1.691363763,5.037108804,0,0,0,0,,,-35.112
nuscenes,scene-1094_031,lateral,0.02,m,34752,34752,3088,8.885819521,3088,4,0,1.691345689,5.036948684,0,0,0,0,,,-35.112
nuscenes,scene-1094_031,lateral,0.05,m,34752,34752,3090,8.891574586,3088,8,0,4.228330336,12.5920715,0,0,0,0,,,-35.112
nuscenes,scene-1094_031,lateral,0.1,m,34752,34752,3089,8.888697053,3088,15,0,8.456547719,25.18314238,0,0,0,0,,,-35.112
nuscenes,scene-1094_031,pitch,-1,deg,34752,34752,3179,9.147674954,3088,1,0,23.11421017,26.14306635,0,0,0,0,,,-35.112
nuscenes,scene-1094_031,pitch,1,deg,34752,34752,2974,8.557780847,3088,115,0,23.13692285,26.47015172,0,0,0,0,,,-35.112
nuscenes,scene-1094_031,roll,-1,deg,34752,34752,3087,8.882941989,3088,25,0,8.17200345,13.82862392,0,0,0,0,,,-35.112
nuscenes,scene-1094_031,roll,1,deg,34752,34752,3089,8.888697053,3088,22,0,8.172604329,13.83094018,0,0,0,0,,,-35.112
nuscenes,scene-1094_032,baseline,0,none,34784,34784,2999,8.621780129,2999,0,0,0,0,0,0,0,0,,,-35.543
nuscenes,scene-1094_032,yaw,-3,deg,34784,34784,3028,8.705151794,2999,141,0,74.90236745,91.81594846,0,0,0,0,,,-35.543
nuscenes,scene-1094_032,yaw,-2,deg,34784,34784,3030,8.710901564,2999,83,0,49.93074512,61.14994086,0,0,0,0,,,-35.543
nuscenes,scene-1094_032,yaw,-1,deg,34784,34784,3029,8.708026679,2999,30,0,24.97912788,30.66733657,0,0,0,0,,,-35.543
nuscenes,scene-1094_032,yaw,-0.5,deg,34784,34784,3017,8.673528059,2999,15,0,12.49147857,15.38246177,0,0,0,0,,,-35.543
nuscenes,scene-1094_032,yaw,0.5,deg,34784,34784,2989,8.593031279,2999,26,0,12.48688435,15.44546441,0,0,0,0,,,-35.543
nuscenes,scene-1094_032,yaw,1,deg,34784,34784,2993,8.604530819,2999,59,0,24.97980203,30.94343518,0,0,0,0,,,-35.543
nuscenes,scene-1094_032,yaw,2,deg,34784,34784,3003,8.633279669,2999,119,0,49.97140161,62.3357886,0,0,0,0,,,-35.543
nuscenes,scene-1094_032,yaw,3,deg,34784,34784,2990,8.595906164,2999,184,0,75.06305979,94.19028841,0,0,0,0,,,-35.543
nuscenes,scene-1094_032,lateral,-0.1,m,34784,34784,3001,8.627529899,2999,17,0,9.168409622,25.33802577,0,0,0,0,,,-35.543
nuscenes,scene-1094_032,lateral,-0.05,m,34784,34784,3002,8.630404784,2999,8,0,4.584143656,12.66854609,0,0,0,0,,,-35.543
nuscenes,scene-1094_032,lateral,-0.02,m,34784,34784,3000,8.624655014,2999,4,0,1.833642786,5.067306409,0,0,0,0,,,-35.543
nuscenes,scene-1094_032,lateral,0.02,m,34784,34784,3000,8.624655014,2999,3,0,1.833623217,5.06715705,0,0,0,0,,,-35.543
nuscenes,scene-1094_032,lateral,0.05,m,34784,34784,2999,8.621780129,2999,7,0,4.584021352,12.66761259,0,0,0,0,,,-35.543
nuscenes,scene-1094_032,lateral,0.1,m,34784,34784,3000,8.624655014,2999,13,0,9.167920405,25.33429179,0,0,0,0,,,-35.543
nuscenes,scene-1094_032,pitch,-1,deg,34784,34784,3089,8.880519779,2999,3,0,23.14170519,26.1149364,0,0,0,0,,,-35.543
nuscenes,scene-1094_032,pitch,1,deg,34784,34784,2884,8.291168353,2999,117,0,23.1762768,26.45084757,0,0,0,0,,,-35.543
nuscenes,scene-1094_032,roll,-1,deg,34784,34784,3001,8.627529899,2999,24,0,8.116865634,13.83222988,0,0,0,0,,,-35.543
nuscenes,scene-1094_032,roll,1,deg,34784,34784,3001,8.627529899,2999,22,0,8.116309943,13.8339894,0,0,0,0,,,-35.543
nuscenes,scene-1094_033,baseline,0,none,34720,34720,3016,8.686635945,3016,0,0,0,0,0,0,0,0,,,-35.994
nuscenes,scene-1094_033,yaw,-3,deg,34720,34720,3000,8.640552995,3016,170,0,74.95869306,92.29610885,0,0,0,0,,,-35.994
nuscenes,scene-1094_033,yaw,-2,deg,34720,34720,3005,8.654953917,3016,121,0,50.02592978,61.53316395,0,0,0,0,,,-35.994
nuscenes,scene-1094_033,yaw,-1,deg,34720,34720,3012,8.675115207,3016,60,0,25.01685145,30.72044167,0,0,0,0,,,-35.994
nuscenes,scene-1094_033,yaw,-0.5,deg,34720,34720,3020,8.698156682,3016,25,0,12.51156295,15.35957691,0,0,0,0,,,-35.994
nuscenes,scene-1094_033,yaw,0.5,deg,34720,34720,3029,8.724078341,3016,23,0,12.51605485,15.38331106,0,0,0,0,,,-35.994
nuscenes,scene-1094_033,yaw,1,deg,34720,34720,3021,8.701036866,3016,57,0,25.03403401,30.87916687,0,0,0,0,,,-35.994
nuscenes,scene-1094_033,yaw,2,deg,34720,34720,3025,8.712557604,3016,115,0,50.11118622,62.02376205,0,0,0,0,,,-35.994
nuscenes,scene-1094_033,yaw,3,deg,34720,34720,3025,8.712557604,3016,179,0,75.20922417,93.75224618,0,0,0,0,,,-35.994
nuscenes,scene-1094_033,lateral,-0.1,m,34720,34720,3020,8.698156682,3016,16,0,10.1273849,25.01973363,0,0,0,0,,,-35.994
nuscenes,scene-1094_033,lateral,-0.05,m,34720,34720,3019,8.695276498,3016,9,0,5.063611089,12.50936958,0,0,0,0,,,-35.994
nuscenes,scene-1094_033,lateral,-0.02,m,34720,34720,3019,8.695276498,3016,3,0,2.02542491,5.003628505,0,0,0,0,,,-35.994
nuscenes,scene-1094_033,lateral,0.02,m,34720,34720,3019,8.695276498,3016,3,0,2.025398876,5.00346941,0,0,0,0,,,-35.994
nuscenes,scene-1094_033,lateral,0.05,m,34720,34720,3025,8.712557604,3016,6,0,5.063448379,12.50837524,0,0,0,0,,,-35.994
nuscenes,scene-1094_033,lateral,0.1,m,34720,34720,3020,8.698156682,3016,17,0,10.12673405,25.01575625,0,0,0,0,,,-35.994
nuscenes,scene-1094_033,pitch,-1,deg,34720,34720,3113,8.966013825,3016,0,0,23.16319198,25.96260715,0,0,0,0,,,-35.994
nuscenes,scene-1094_033,pitch,1,deg,34720,34720,2900,8.352534562,3016,119,0,23.15434941,26.29057122,0,0,0,0,,,-35.994
nuscenes,scene-1094_033,roll,-1,deg,34720,34720,3022,8.703917051,3016,21,0,8.213225114,13.85947344,0,0,0,0,,,-35.994
nuscenes,scene-1094_033,roll,1,deg,34720,34720,3029,8.724078341,3016,19,0,8.21347143,13.85646876,0,0,0,0,,,-35.994
nuscenes,scene-1094_034,baseline,0,none,34720,34720,2856,8.225806452,2856,0,0,0,0,0,0,0,0,,,-35.86
nuscenes,scene-1094_034,yaw,-3,deg,34720,34720,2856,8.225806452,2856,158,0,75.7301074,92.50207657,0,0,0,0,,,-35.86
nuscenes,scene-1094_034,yaw,-2,deg,34720,34720,2862,8.243087558,2856,105,0,50.42014241,61.6117374,0,0,0,0,,,-35.86
nuscenes,scene-1094_034,yaw,-1,deg,34720,34720,2856,8.225806452,2856,54,0,25.16930398,30.79190226,0,0,0,0,,,-35.86
nuscenes,scene-1094_034,yaw,-0.5,deg,34720,34720,2852,8.214285714,2856,32,0,12.58527553,15.39081092,0,0,0,0,,,-35.86
nuscenes,scene-1094_034,yaw,0.5,deg,34720,34720,2850,8.208525346,2856,31,0,12.57118106,15.43157238,0,0,0,0,,,-35.86
nuscenes,scene-1094_034,yaw,1,deg,34720,34720,2861,8.240207373,2856,56,0,25.14645809,30.95201294,0,0,0,0,,,-35.86
nuscenes,scene-1094_034,yaw,2,deg,34720,34720,2862,8.243087558,2856,121,0,50.27382941,62.28309604,0,0,0,0,,,-35.86
nuscenes,scene-1094_034,yaw,3,deg,34720,34720,2860,8.237327189,2856,177,0,75.443146,94.25774569,0,0,0,0,,,-35.86
nuscenes,scene-1094_034,lateral,-0.1,m,34720,34720,2856,8.225806452,2856,20,0,12.24992628,25.35286495,0,0,0,0,,,-35.86
nuscenes,scene-1094_034,lateral,-0.05,m,34720,34720,2853,8.217165899,2856,12,0,6.124867698,12.67602336,0,0,0,0,,,-35.86
nuscenes,scene-1094_034,lateral,-0.02,m,34720,34720,2850,8.208525346,2856,9,0,2.449924174,5.070311164,0,0,0,0,,,-35.86
nuscenes,scene-1094_034,lateral,0.02,m,34720,34720,2850,8.208525346,2856,8,0,2.449893634,5.070180261,0,0,0,0,,,-35.86
nuscenes,scene-1094_034,lateral,0.05,m,34720,34720,2851,8.21140553,2856,13,0,6.124676825,12.67520522,0,0,0,0,,,-35.86
nuscenes,scene-1094_034,lateral,0.1,m,34720,34720,2849,8.205645161,2856,23,0,12.24916278,25.34959238,0,0,0,0,,,-35.86
nuscenes,scene-1094_034,pitch,-1,deg,34720,34720,2945,8.482142857,2856,4,0,23.28943085,25.99075551,0,0,0,0,,,-35.86
nuscenes,scene-1094_034,pitch,1,deg,34720,34720,2736,7.880184332,2856,122,0,23.32381624,26.32623766,0,0,0,0,,,-35.86
nuscenes,scene-1094_034,roll,-1,deg,34720,34720,2850,8.208525346,2856,27,0,8.392254805,13.91718688,0,0,0,0,,,-35.86
nuscenes,scene-1094_034,roll,1,deg,34720,34720,2859,8.234447005,2856,25,0,8.392280439,13.9168525,0,0,0,0,,,-35.86
nuscenes,scene-1094_035,baseline,0,none,34720,34720,2820,8.122119816,2820,0,0,0,0,0,0,0,0,,,-35.423
nuscenes,scene-1094_035,yaw,-3,deg,34720,34720,2829,8.148041475,2820,163,0,75.06852517,92.56298097,0,0,0,0,,,-35.423
nuscenes,scene-1094_035,yaw,-2,deg,34720,34720,2818,8.116359447,2820,112,0,50.06728694,61.66868233,0,0,0,0,,,-35.423
nuscenes,scene-1094_035,yaw,-1,deg,34720,34720,2810,8.093317972,2820,62,0,25.05204621,30.79978079,0,0,0,0,,,-35.423
nuscenes,scene-1094_035,yaw,-0.5,deg,34720,34720,2815,8.107718894,2820,31,0,12.5260697,15.39761919,0,0,0,0,,,-35.423
nuscenes,scene-1094_035,yaw,0.5,deg,34720,34720,2813,8.101958525,2820,31,0,12.53656369,15.41571405,0,0,0,0,,,-35.423
nuscenes,scene-1094_035,yaw,1,deg,34720,34720,2818,8.116359447,2820,52,0,25.07116867,30.90805251,0,0,0,0,,,-35.423
nuscenes,scene-1094_035,yaw,2,deg,34720,34720,2808,8.087557604,2820,108,0,50.17856179,62.12359262,0,0,0,0,,,-35.423
nuscenes,scene-1094_035,yaw,3,deg,34720,34720,2806,8.081797235,2820,161,0,75.32574198,94.07291686,0,0,0,0,,,-35.423
nuscenes,scene-1094_035,lateral,-0.1,m,34720,34720,2819,8.119239631,2820,18,0,10.43853312,26.30136888,0,0,0,0,,,-35.423
nuscenes,scene-1094_035,lateral,-0.05,m,34720,34720,2823,8.130760369,2820,8,0,5.219172685,13.15008654,0,0,0,0,,,-35.423
nuscenes,scene-1094_035,lateral,-0.02,m,34720,34720,2819,8.119239631,2820,6,0,2.087646544,5.259891131,0,0,0,0,,,-35.423
nuscenes,scene-1094_035,lateral,0.02,m,34720,34720,2819,8.119239631,2820,5,0,2.087616506,5.25969983,0,0,0,0,,,-35.423
nuscenes,scene-1094_035,lateral,0.05,m,34720,34720,2818,8.116359447,2820,11,0,5.218984945,13.14889091,0,0,0,0,,,-35.423
nuscenes,scene-1094_035,lateral,0.1,m,34720,34720,2813,8.101958525,2820,23,0,10.43778216,26.29658635,0,0,0,0,,,-35.423
nuscenes,scene-1094_035,pitch,-1,deg,34720,34720,2910,8.381336406,2820,3,0,23.23642288,26.0049742,0,0,0,0,,,-35.423
nuscenes,scene-1094_035,pitch,1,deg,34720,34720,2706,7.793778802,2820,114,0,23.20765281,26.34303652,0,0,0,0,,,-35.423
nuscenes,scene-1094_035,roll,-1,deg,34720,34720,2819,8.119239631,2820,27,0,8.315101047,13.90672348,0,0,0,0,,,-35.423
nuscenes,scene-1094_035,roll,1,deg,34720,34720,2822,8.127880184,2820,19,0,8.314927032,13.90719893,0,0,0,0,,,-35.423
nuscenes,scene-1094_036,baseline,0,none,34720,34720,2760,7.949308756,2760,0,0,0,0,0,0,0,0,,,-35.614
nuscenes,scene-1094_036,yaw,-3,deg,34720,34720,2764,7.960829493,2760,171,0,75.20870853,92.56632305,0,0,0,0,,,-35.614
nuscenes,scene-1094_036,yaw,-2,deg,34720,34720,2764,7.960829493,2760,118,0,50.13815543,61.52185896,0,0,0,0,,,-35.614
nuscenes,scene-1094_036,yaw,-1,deg,34720,34720,2763,7.957949309,2760,58,0,25.05024952,30.73582607,0,0,0,0,,,-35.614
nuscenes,scene-1094_036,yaw,-0.5,deg,34720,34720,2760,7.949308756,2760,33,0,12.52295856,15.37605926,0,0,0,0,,,-35.614
nuscenes,scene-1094_036,yaw,0.5,deg,34720,34720,2758,7.943548387,2760,22,0,12.51294023,15.40713075,0,0,0,0,,,-35.614
nuscenes,scene-1094_036,yaw,1,deg,34720,34720,2759,7.946428571,2760,48,0,25.03517642,30.89190059,0,0,0,0,,,-35.614
nuscenes,scene-1094_036,yaw,2,deg,34720,34720,2747,7.911866359,2760,108,0,50.04713955,62.1265807,0,0,0,0,,,-35.614
nuscenes,scene-1094_036,yaw,3,deg,34720,34720,2743,7.900345622,2760,169,0,75.07436404,94.04866356,0,0,0,0,,,-35.614
nuscenes,scene-1094_036,lateral,-0.1,m,34720,34720,2768,7.97235023,2760,17,0,11.57261344,27.03034482,0,0,0,0,,,-35.614
nuscenes,scene-1094_036,lateral,-0.05,m,34720,34720,2765,7.963709677,2760,10,0,5.786205564,13.51462149,0,0,0,0,,,-35.614
nuscenes,scene-1094_036,lateral,-0.02,m,34720,34720,2762,7.955069124,2760,6,0,2.314457949,5.405716382,0,0,0,0,,,-35.614
nuscenes,scene-1094_036,lateral,0.02,m,34720,34720,2757,7.940668203,2760,4,0,2.314425582,5.405540108,0,0,0,0,,,-35.614
nuscenes,scene-1094_036,lateral,0.05,m,34720,34720,2756,7.937788018,2760,9,0,5.786003267,13.51351977,0,0,0,0,,,-35.614
nuscenes,scene-1094_036,lateral,0.1,m,34720,34720,2755,7.934907834,2760,20,0,11.57180425,27.02593797,0,0,0,0,,,-35.614
nuscenes,scene-1094_036,pitch,-1,deg,34720,34720,2841,8.182603687,2760,3,0,23.22471681,25.93848566,0,0,0,0,,,-35.614
nuscenes,scene-1094_036,pitch,1,deg,34720,34720,2646,7.620967742,2760,119,0,23.23490405,26.26826241,0,0,0,0,,,-35.614
nuscenes,scene-1094_036,roll,-1,deg,34720,34720,2756,7.937788018,2760,26,0,8.320407213,13.89001936,0,0,0,0,,,-35.614
nuscenes,scene-1094_036,roll,1,deg,34720,34720,2763,7.957949309,2760,24,0,8.319709968,13.88718215,0,0,0,0,,,-35.614
nuscenes,scene-1094_037,baseline,0,none,34752,34752,2715,7.8125,2715,0,0,0,0,0,0,0,0,,,-36.027
nuscenes,scene-1094_037,yaw,-3,deg,34752,34752,2742,7.89019337,2715,143,0,74.34235163,91.98218915,0,0,0,0,,,-36.027
nuscenes,scene-1094_037,yaw,-2,deg,34752,34752,2733,7.86429558,2715,92,0,49.55630404,61.36339196,0,0,0,0,,,-36.027
nuscenes,scene-1094_037,yaw,-1,deg,34752,34752,2723,7.835520258,2715,43,0,24.78293812,30.6692519,0,0,0,0,,,-36.027
nuscenes,scene-1094_037,yaw,-0.5,deg,34752,34752,2720,7.826887661,2715,22,0,12.39384816,15.35668444,0,0,0,0,,,-36.027
nuscenes,scene-1094_037,yaw,0.5,deg,34752,34752,2713,7.806744936,2715,26,0,12.39296456,15.39906607,0,0,0,0,,,-36.027
nuscenes,scene-1094_037,yaw,1,deg,34752,34752,2709,7.795234807,2715,54,0,24.78891666,30.81847395,0,0,0,0,,,-36.027
nuscenes,scene-1094_037,yaw,2,deg,34752,34752,2704,7.780847145,2715,111,0,49.63993859,61.98063857,0,0,0,0,,,-36.027
nuscenes,scene-1094_037,yaw,3,deg,34752,34752,2700,7.769337017,2715,174,0,74.53924947,93.78688621,0,0,0,0,,,-36.027
nuscenes,scene-1094_037,lateral,-0.1,m,34752,34752,2716,7.815377532,2715,19,0,10.42568254,25.9856851,0,0,0,0,,,-36.027
nuscenes,scene-1094_037,lateral,-0.05,m,34752,34752,2715,7.8125,2715,10,0,5.212760304,12.99233947,0,0,0,0,,,-36.027
nuscenes,scene-1094_037,lateral,-0.02,m,34752,34752,2710,7.798112339,2715,7,0,2.08508469,5.196815058,0,0,0,0,,,-36.027
nuscenes,scene-1094_037,lateral,0.02,m,34752,34752,2716,7.815377532,2715,4,0,2.085058783,5.196654092,0,0,0,0,,,-36.027
nuscenes,scene-1094_037,lateral,0.05,m,34752,34752,2716,7.815377532,2715,8,0,5.21259838,12.99133344,0,0,0,0,,,-36.027
nuscenes,scene-1094_037,lateral,0.1,m,34752,34752,2712,7.803867403,2715,20,0,10.42503484,25.98166095,0,0,0,0,,,-36.027
nuscenes,scene-1094_037,pitch,-1,deg,34752,34752,2802,8.062845304,2715,0,0,23.17439354,25.93373399,0,0,0,0,,,-36.027
nuscenes,scene-1094_037,pitch,1,deg,34752,34752,2594,7.4643186,2715,123,0,23.18408637,26.26628925,0,0,0,0,,,-36.027
nuscenes,scene-1094_037,roll,-1,deg,34752,34752,2715,7.8125,2715,27,0,8.062948005,13.87707883,0,0,0,0,,,-36.027
nuscenes,scene-1094_037,roll,1,deg,34752,34752,2719,7.824010129,2715,19,0,8.062806658,13.87954919,0,0,0,0,,,-36.027
nuscenes,scene-1094_038,baseline,0,none,34688,34688,2624,7.564575646,2624,0,0,0,0,1,42,42,42,100,0,-35.901
nuscenes,scene-1094_038,yaw,-3,deg,34688,34688,2647,7.630880996,2624,151,0,74.14898169,92.63617013,1,42,29,42,69.04761905,30.95238095,-35.901
nuscenes,scene-1094_038,yaw,-2,deg,34688,34688,2635,7.5962869,2624,104,0,49.42521219,61.61329329,1,42,34,42,80.95238095,19.04761905,-35.901
nuscenes,scene-1094_038,yaw,-1,deg,34688,34688,2626,7.570341328,2624,55,0,24.75199568,30.81590972,1,42,40,42,95.23809524,4.761904762,-35.901
nuscenes,scene-1094_038,yaw,-0.5,deg,34688,34688,2617,7.544395756,2624,34,0,12.38109261,15.42987465,1,42,42,42,100,0,-35.901
nuscenes,scene-1094_038,yaw,0.5,deg,34688,34688,2620,7.55304428,2624,30,0,12.39691326,15.45364237,1,42,42,42,100,0,-35.901
nuscenes,scene-1094_038,yaw,1,deg,34688,34688,2625,7.567458487,2624,58,0,24.81771534,30.97033883,1,42,41,42,97.61904762,2.380952381,-35.901
nuscenes,scene-1094_038,yaw,2,deg,34688,34688,2621,7.555927122,2624,110,0,49.69877162,62.24763534,1,42,38,42,90.47619048,9.523809524,-35.901
nuscenes,scene-1094_038,yaw,3,deg,34688,34688,2620,7.55304428,2624,155,0,74.64992368,93.93740179,1,42,30,42,71.42857143,28.57142857,-35.901
nuscenes,scene-1094_038,lateral,-0.1,m,34688,34688,2615,7.538630074,2624,26,0,11.63545755,26.39308583,1,42,42,42,100,0,-35.901
nuscenes,scene-1094_038,lateral,-0.05,m,34688,34688,2619,7.550161439,2624,12,0,5.817622064,13.19599332,1,42,42,42,100,0,-35.901
nuscenes,scene-1094_038,lateral,-0.02,m,34688,34688,2619,7.550161439,2624,7,0,2.327023216,5.278265433,1,42,42,42,100,0,-35.901
nuscenes,scene-1094_038,lateral,0.02,m,34688,34688,2621,7.555927122,2624,6,0,2.326989071,5.278089584,1,42,42,42,100,0,-35.901
nuscenes,scene-1094_038,lateral,0.05,m,34688,34688,2617,7.544395756,2624,14,0,5.817408658,13.19489426,1,42,42,42,100,0,-35.901
nuscenes,scene-1094_038,lateral,0.1,m,34688,34688,2616,7.541512915,2624,23,0,11.63460392,26.38868961,1,42,42,42,100,0,-35.901
nuscenes,scene-1094_038,pitch,-1,deg,34688,34688,2703,7.792320111,2624,3,0,23.22934337,25.99268843,1,42,42,42,100,0,-35.901
nuscenes,scene-1094_038,pitch,1,deg,34688,34688,2506,7.224400369,2624,118,0,23.22321039,26.32839023,1,42,42,42,100,0,-35.901
nuscenes,scene-1094_038,roll,-1,deg,34688,34688,2619,7.550161439,2624,27,0,8.047788027,13.97790821,1,42,42,42,100,0,-35.901
nuscenes,scene-1094_038,roll,1,deg,34688,34688,2623,7.561692804,2624,24,0,8.047619916,13.97524762,1,42,42,42,100,0,-35.901
nuscenes,scene-1094_039,baseline,0,none,34720,34720,2642,7.609447005,2642,0,0,0,0,0,0,0,0,,,-35.228
nuscenes,scene-1094_039,yaw,-3,deg,34720,34720,2629,7.572004608,2642,136,0,74.14103162,92.37209686,0,0,0,0,,,-35.228
nuscenes,scene-1094_039,yaw,-2,deg,34720,34720,2633,7.583525346,2642,95,0,49.44173659,61.49222316,0,0,0,0,,,-35.228
nuscenes,scene-1094_039,yaw,-1,deg,34720,34720,2636,7.592165899,2642,49,0,24.72927565,30.74698609,0,0,0,0,,,-35.228
nuscenes,scene-1094_039,yaw,-0.5,deg,34720,34720,2639,7.600806452,2642,26,0,12.36019316,15.3770737,0,0,0,0,,,-35.228
nuscenes,scene-1094_039,yaw,0.5,deg,34720,34720,2641,7.60656682,2642,22,0,12.35549771,15.3733527,0,0,0,0,,,-35.228
nuscenes,scene-1094_039,yaw,1,deg,34720,34720,2645,7.618087558,2642,42,0,24.71454471,30.82061698,0,0,0,0,,,-35.228
nuscenes,scene-1094_039,yaw,2,deg,34720,34720,2645,7.618087558,2642,90,0,49.42154273,61.89795364,0,0,0,0,,,-35.228
nuscenes,scene-1094_039,yaw,3,deg,34720,34720,2645,7.618087558,2642,141,0,74.17017377,93.60131865,0,0,0,0,,,-35.228
nuscenes,scene-1094_039,lateral,-0.1,m,34720,34720,2653,7.641129032,2642,16,0,12.34971538,26.34026535,0,0,0,0,,,-35.228
nuscenes,scene-1094_039,lateral,-0.05,m,34720,34720,2648,7.626728111,2642,7,0,6.174752735,13.16965509,0,0,0,0,,,-35.228
nuscenes,scene-1094_039,lateral,-0.02,m,34720,34720,2638,7.597926267,2642,5,0,2.469875905,5.26774742,0,0,0,0,,,-35.228
nuscenes,scene-1094_039,lateral,0.02,m,34720,34720,2638,7.597926267,2642,6,0,2.469842321,5.267594609,0,0,0,0,,,-35.228
nuscenes,scene-1094_039,lateral,0.05,m,34720,34720,2641,7.60656682,2642,9,0,6.174542832,13.16870001,0,0,0,0,,,-35.228
nuscenes,scene-1094_039,lateral,0.1,m,34720,34720,2642,7.609447005,2642,17,0,12.34887577,26.33644506,0,0,0,0,,,-35.228
nuscenes,scene-1094_039,pitch,-1,deg,34720,34720,2724,7.84562212,2642,0,0,23.21925915,25.8811318,0,0,0,0,,,-35.228
nuscenes,scene-1094_039,pitch,1,deg,34720,34720,2533,7.295506912,2642,110,0,23.33689866,26.21539322,0,0,0,0,,,-35.228
nuscenes,scene-1094_039,roll,-1,deg,34720,34720,2640,7.603686636,2642,21,0,7.977936257,13.82678025,0,0,0,0,,,-35.228
nuscenes,scene-1094_039,roll,1,deg,34720,34720,2645,7.618087558,2642,17,0,7.978034138,13.8239732,0,0,0,0,,,-35.228
